user_id,item_id,hours_played
0,0,5.0
0,10,4.24
0,23,4.41
0,51,1888.75
0,95,2.34
0,102,0.86
0,120,1.18
0,131,74.32
0,133,1367.18
0,136,3.47
0,139,475.8
0,147,559.79
0,148,420.96
0,157,3.42
0,187,4.03
0,197,3.65
0,206,0.52
0,220,579.54
0,316,658.09
0,328,2641.75
0,335,3.0
0,348,2571.16
0,384,36.44
0,386,0.8
0,397,3.75
0,403,629.01
0,426,956.07
0,431,1.71
0,435,336.24
0,439,616.46
0,441,266.69
0,442,3.92
0,452,2655.94
0,473,2.8
0,474,0.88
0,508,755.69
0,514,4.01
0,521,4.02
0,523,3.98
0,535,0.91
0,548,390.86
0,585,1650.92
0,632,2.06
0,636,1.12
0,686,1538.07
0,689,4.09
0,692,1999.9
0,698,288.48
0,724,424.32
0,730,3.3
0,734,1.91
0,749,159.65
0,764,0.84
0,811,1.72
0,823,64.6
0,847,3.58
0,855,1.77
0,866,4.71
0,867,3.91
0,879,0.53
0,885,1.44
0,890,2454.88
0,896,2894.88
0,897,4.92
0,903,221.13
0,909,886.72
0,934,3.77
0,960,3.19
0,973,202.98
0,998,44.65
1,18,4.23
1,20,355.88
1,33,3.35
1,89,364.9
1,92,2.23
1,101,2.22
1,102,3.62
1,105,482.26
1,112,555.1
1,118,4.33
1,123,893.94
1,132,396.56
1,150,3.93
1,160,1.81
1,185,4.24
1,216,3.27
1,239,338.17
1,319,1.39
1,345,1.55
1,379,1.66
1,391,2204.35
1,416,573.7
1,433,530.62
1,452,1.6
1,475,56.25
1,479,1910.5
1,486,2797.9
1,499,4.24
1,530,1806.7
1,554,340.45
1,557,4.38
1,558,238.05
1,561,345.87
1,594,359.08
1,607,624.15
1,616,1.62
1,626,4.8
1,646,548.67
1,659,1.84
1,665,2451.38
1,672,444.41
1,684,2.45
1,685,2.49
1,695,2714.9
1,703,1.84
1,733,575.43
1,734,1.17
1,737,358.48
1,772,2.41
1,787,506.17
1,791,2.77
1,810,0.74
1,888,1.28
1,889,3.28
1,901,1376.39
1,919,210.51
1,927,440.71
1,951,67.69
1,958,635.71
1,965,4.37
1,984,2641.3
1,993,484.89
1,999,654.34
2,6,2946.6
2,33,2.96
2,60,1.83
2,61,0.68
2,81,300.48
2,99,2.81
2,115,4.27
2,121,290.05
2,139,54.88
2,141,1230.15
2,147,149.29
2,148,361.85
2,149,0.9
2,160,1377.61
2,174,1.14
2,189,458.05
2,314,2.42
2,333,1022.36
2,348,1056.64
2,362,343.12
2,395,4.61
2,411,541.83
2,422,1893.63
2,436,0.61
2,441,4.23
2,445,1.99
2,463,547.95
2,499,556.33
2,503,4.04
2,509,1437.87
2,517,883.24
2,579,2.84
2,581,0.99
2,593,510.66
2,600,293.94
2,653,4.35
2,665,450.0
2,686,2022.99
2,708,411.74
2,721,0.55
2,725,140.19
2,748,4.84
2,769,458.9
2,772,3.71
2,798,3.42
2,800,102.64
2,805,2712.21
2,824,2646.57
2,839,0.56
2,841,499.31
2,853,1.38
2,998,925.83
3,0,0.96
3,9,0.59
3,38,347.18
3,48,219.75
3,62,438.54
3,64,1.68
3,69,2.61
3,70,73.7
3,112,1.54
3,126,4.56
3,209,1853.22
3,266,1.75
3,279,2.06
3,283,393.06
3,332,1098.88
3,333,696.51
3,335,1.76
3,341,4.08
3,361,433.82
3,388,266.79
3,397,252.52
3,400,456.86
3,415,4.63
3,421,3.15
3,446,0.92
3,464,3.07
3,475,0.83
3,476,2668.65
3,493,4.29
3,506,696.59
3,522,391.54
3,537,2177.58
3,561,3.45
3,570,0.58
3,581,80.0
3,593,644.97
3,640,2.09
3,649,3.6
3,664,2.37
3,670,2.01
3,680,429.35
3,711,3.76
3,721,4.97
3,733,82.12
3,737,506.32
3,744,3.67
3,745,313.08
3,756,4.11
3,758,3.75
3,764,2.81
3,787,2.35
3,795,99.48
3,802,4.85
3,817,99.77
3,820,585.05
3,823,4.52
3,837,1287.46
3,883,4.19
3,886,283.1
3,923,383.77
3,924,681.75
3,925,4.39
3,943,3.67
3,968,294.36
4,1,697.54
4,51,4.1
4,68,0.67
4,81,4.04
4,84,2.48
4,147,4.26
4,152,2.23
4,160,2631.18
4,163,383.05
4,169,3.72
4,199,1.43
4,216,617.56
4,239,4.33
4,247,3.83
4,260,2.41
4,275,2278.33
4,279,4.26
4,283,2355.85
4,299,0.53
4,301,149.95
4,302,1.06
4,323,2.54
4,340,4.09
4,350,173.59
4,366,1.9
4,370,3.58
4,389,2.53
4,405,2.89
4,432,513.9
4,443,695.0
4,450,1402.14
4,460,2.99
4,478,3.7
4,481,406.82
4,498,411.19
4,514,272.45
4,521,2.79
4,534,0.6
4,557,80.72
4,566,3.29
4,583,4.19
4,585,1.08
4,630,2.27
4,632,4.87
4,650,3.94
4,673,3.88
4,681,2470.31
4,685,3.22
4,701,2.83
4,720,2.56
4,804,1.21
4,810,436.7
4,817,1.8
4,828,419.0
4,854,2.84
4,897,1.06
4,905,0.8
4,937,140.68
4,941,494.19
4,952,307.43
4,979,2.53
4,987,1.03
5,21,1.28
5,29,2028.47
5,47,3.05
5,139,1.82
5,147,1.86
5,159,2902.43
5,164,1.19
5,179,3.88
5,259,19.28
5,348,3.93
5,363,3.53
5,369,4.34
5,412,98.75
5,428,2.96
5,432,2.47
5,458,208.85
5,459,2943.57
5,460,676.45
5,472,3.72
5,478,637.41
5,485,1.15
5,495,4.06
5,523,4.11
5,538,579.13
5,542,507.12
5,544,4.95
5,550,2317.76
5,557,247.14
5,558,338.21
5,566,354.05
5,581,4.37
5,606,185.65
5,608,0.83
5,626,3.81
5,638,2987.98
5,640,4.71
5,646,1.49
5,676,4.74
5,682,3.15
5,688,634.04
5,705,522.91
5,740,2125.97
5,746,0.83
5,824,1.37
5,845,2.15
5,856,131.38
5,870,351.95
5,880,2.82
5,913,0.86
5,935,1.01
5,942,1.49
5,963,660.81
5,987,1.37
6,59,496.34
6,74,1668.72
6,98,1.51
6,140,4.08
6,146,2707.96
6,177,3.76
6,178,53.65
6,180,81.69
6,193,1459.23
6,212,1.58
6,223,1.85
6,231,4.51
6,258,2.13
6,260,2.07
6,261,1.69
6,262,4.58
6,292,308.38
6,310,82.71
6,316,0.92
6,343,2.93
6,352,119.42
6,360,112.04
6,365,4.19
6,389,1307.19
6,441,2.5
6,459,2.85
6,460,4.08
6,514,4.75
6,571,925.13
6,588,26.37
6,617,496.09
6,638,13.05
6,650,77.1
6,676,459.83
6,693,4.91
6,700,0.63
6,725,143.12
6,731,212.36
6,761,131.44
6,770,414.2
6,776,539.74
6,786,642.12
6,792,273.27
6,846,3.7
6,865,15.97
6,884,376.26
6,903,0.95
6,958,6.89
6,965,3.64
6,995,477.89
7,5,63.08
7,35,471.78
7,72,1688.41
7,83,593.41
7,94,4.15
7,125,3.29
7,127,0.97
7,130,470.83
7,131,4.39
7,132,697.36
7,137,238.09
7,156,199.26
7,215,1620.16
7,218,37.33
7,222,3.8
7,233,2.03
7,278,4.86
7,283,293.45
7,296,3.37
7,331,42.33
7,361,4.21
7,364,4.47
7,375,1338.57
7,388,0.56
7,430,119.82
7,444,371.07
7,450,2.24
7,486,4.05
7,518,4.94
7,527,0.82
7,536,246.37
7,574,257.81
7,584,401.96
7,591,1466.85
7,626,2.5
7,640,329.17
7,654,474.61
7,689,1216.63
7,695,1877.07
7,730,2.65
7,752,545.62
7,770,610.07
7,845,3.14
7,878,639.57
7,888,360.09
7,895,2.66
7,914,3.8
7,938,3.26
7,968,1718.39
7,981,320.27
7,999,1383.83
8,19,211.15
8,27,4.93
8,28,1.83
8,53,303.09
8,58,333.18
8,59,3.22
8,95,1.87
8,115,202.36
8,128,2316.18
8,129,4.38
8,154,1.54
8,191,2588.71
8,213,265.64
8,243,2.27
8,272,390.96
8,276,0.51
8,285,4.27
8,305,3.46
8,335,686.05
8,347,22.56
8,372,4.18
8,394,3.42
8,406,308.45
8,415,4.36
8,469,403.53
8,476,2.43
8,480,373.97
8,489,209.66
8,521,556.22
8,526,227.23
8,550,4.1
8,551,27.09
8,580,114.32
8,590,3.81
8,602,320.97
8,606,2.63
8,610,3.13
8,622,239.1
8,637,482.41
8,639,4.87
8,650,2558.98
8,654,2429.98
8,682,1.99
8,723,155.57
8,760,89.37
8,773,0.96
8,790,3.5
8,792,382.05
8,796,719.13
8,809,1.43
8,813,84.27
8,828,480.65
8,855,2.66
8,888,560.52
8,918,1.97
8,972,1.2
9,43,1.32
9,92,1.77
9,126,2582.72
9,174,3.68
9,195,934.97
9,218,3.2
9,221,1.89
9,258,0.82
9,280,35.11
9,288,1400.46
9,297,683.53
9,320,458.47
9,381,0.71
9,452,1820.54
9,453,2.15
9,467,1.89
9,498,1.99
9,519,1.16
9,530,1.54
9,561,157.41
9,580,4.81
9,584,2.97
9,602,72.09
9,612,1.06
9,617,344.02
9,629,4.68
9,639,2.63
9,647,1.59
9,687,673.79
9,692,0.88
9,701,4.98
9,712,1255.49
9,727,1091.03
9,744,49.29
9,746,1.24
9,748,339.09
9,759,2215.61
9,764,0.68
9,766,1.12
9,778,2.65
9,802,568.61
9,845,4.2
9,875,2.46
9,909,4.71
9,914,586.89
9,949,1.52
9,958,4.37
9,960,1.73
9,962,1.94
9,977,3.31
9,982,3.2
9,984,211.74
9,996,2.72
9,997,3.15
9,998,3.2
10,3,1627.82
10,16,1.78
10,37,444.44
10,53,253.79
10,62,78.67
10,83,341.48
10,89,1022.54
10,99,659.16
10,101,4.66
10,131,3.23
10,132,643.67
10,138,2.11
10,147,859.09
10,154,1.79
10,164,0.56
10,168,464.67
10,197,4.64
10,198,273.0
10,240,522.06
10,291,1.83
10,302,0.56
10,305,450.34
10,320,0.8
10,367,81.45
10,424,3.39
10,447,481.84
10,579,1.76
10,585,431.97
10,636,1.55
10,650,1.69
10,657,2.39
10,658,1531.76
10,659,1.98
10,675,230.01
10,698,2900.71
10,703,4.35
10,740,4.45
10,759,4.9
10,760,3.53
10,763,3.87
10,777,3.23
10,784,644.59
10,789,623.58
10,805,1.56
10,806,1.65
10,825,2.02
10,827,2015.06
10,847,1.1
10,858,0.62
10,889,560.13
10,895,0.85
10,906,2247.63
10,909,1.4
10,929,609.54
10,937,4.52
10,961,4.04
10,971,492.19
11,8,1.09
11,24,2.32
11,25,2.66
11,38,315.66
11,68,355.64
11,72,2.26
11,97,2.87
11,100,30.31
11,108,0.58
11,151,2.5
11,160,1.87
11,181,1308.48
11,193,3.48
11,195,3.18
11,214,0.95
11,222,2287.78
11,231,4.77
11,237,2.24
11,263,3.59
11,278,192.54
11,298,269.0
11,306,426.28
11,323,0.66
11,335,509.88
11,343,2.59
11,364,0.72
11,378,4.15
11,434,1965.14
11,449,304.44
11,450,2036.92
11,480,2.9
11,484,0.7
11,485,1038.11
11,495,3.61
11,510,452.59
11,531,129.23
11,538,351.33
11,539,632.92
11,552,629.13
11,569,3.74
11,591,2.89
11,618,332.28
11,650,390.91
11,651,1306.81
11,668,6.39
11,690,682.43
11,749,3.78
11,754,3.81
11,755,3.94
11,772,3.54
11,780,998.69
11,810,4.4
11,812,1817.77
11,813,1.96
11,849,486.8
11,851,528.15
11,860,252.69
11,889,926.69
11,901,4.99
11,933,326.54
11,954,0.78
11,956,238.27
11,964,4.19
11,971,4.58
11,990,298.82
12,29,4.46
12,41,567.52
12,49,4.31
12,63,3.91
12,71,0.62
12,108,4.36
12,114,3.28
12,116,0.6
12,121,4.8
12,123,2785.96
12,153,189.43
12,236,89.53
12,250,4.37
12,261,1.26
12,268,273.61
12,299,246.2
12,322,1047.16
12,333,444.92
12,351,7.39
12,375,1263.23
12,399,478.02
12,442,0.91
12,448,29.3
12,449,546.55
12,468,1.43
12,522,963.86
12,540,0.9
12,548,1.08
12,563,0.75
12,589,147.26
12,619,2.33
12,631,4.5
12,642,51.56
12,661,151.05
12,701,3.72
12,712,1655.3
12,724,2.73
12,725,49.34
12,774,141.26
12,788,99.25
12,794,1.13
12,818,98.1
12,820,4.01
12,826,3.09
12,827,183.44
12,858,445.21
12,896,160.19
12,917,362.38
12,934,394.58
12,968,344.91
13,58,1.73
13,71,2148.46
13,85,4.71
13,108,593.34
13,116,111.6
13,160,2.52
13,163,4.64
13,173,215.88
13,211,4.49
13,226,3.51
13,257,4.77
13,269,2703.53
13,271,4.09
13,274,287.02
13,279,459.77
13,283,0.82
13,290,646.96
13,296,4.31
13,301,3.47
13,306,467.73
13,331,2.66
13,350,820.33
13,378,245.83
13,382,1.97
13,396,1.72
13,400,3.43
13,411,1538.26
13,413,3.46
13,414,240.0
13,451,534.23
13,454,494.07
13,482,0.51
13,522,3.33
13,528,1432.14
13,530,483.61
13,533,0.75
13,572,3.73
13,580,3.08
13,602,210.96
13,638,353.46
13,660,286.85
13,662,2962.04
13,677,2238.63
13,680,543.65
13,710,143.38
13,756,464.9
13,765,1.58
13,766,3.95
13,772,1.1
13,776,1.16
13,790,430.22
13,794,2.35
13,813,4.65
13,837,2483.89
13,849,1542.3
13,855,1342.75
13,863,81.62
13,878,4.08
13,883,3.08
13,890,230.59
13,893,13.41
13,910,4.82
13,930,280.25
13,941,555.57
13,949,401.99
13,972,2.26
13,992,4.04
14,0,692.6
14,1,1994.23
14,5,221.19
14,9,695.88
14,24,2.54
14,32,3.86
14,50,614.56
14,61,292.34
14,78,1297.73
14,79,88.58
14,102,1.2
14,119,454.28
14,122,4.15
14,124,3.86
14,138,679.55
14,139,189.7
14,155,1.72
14,183,568.1
14,191,2.36
14,210,2.21
14,213,2.62
14,231,2.87
14,253,0.77
14,322,583.06
14,336,54.57
14,337,541.0
14,347,0.72
14,377,2.25
14,383,140.73
14,386,118.27
14,390,1245.45
14,395,2.49
14,404,0.51
14,439,4.33
14,478,2.55
14,501,141.31
14,516,4.31
14,521,3.61
14,539,254.9
14,547,2349.37
14,580,0.62
14,584,532.71
14,597,382.09
14,641,2.23
14,647,0.51
14,653,3.1
14,656,0.91
14,664,363.62
14,679,0.77
14,682,3.15
14,748,63.91
14,772,3.98
14,784,1089.45
14,796,4.87
14,803,532.4
14,837,2.48
14,853,3.19
14,858,634.75
14,895,4.4
14,896,177.45
14,898,3.19
14,908,357.48
14,921,3.24
14,935,2.7
14,945,694.9
14,947,1.78
14,960,2571.15
14,973,237.16
14,975,3.18
15,0,36.23
15,8,3.35
15,22,1.67
15,42,4.4
15,50,512.03
15,53,5.0
15,66,2890.8
15,79,845.97
15,81,2.06
15,85,4.32
15,120,3.08
15,135,1.54
15,154,446.43
15,156,2386.34
15,168,90.79
15,198,4.39
15,233,3.0
15,237,4.15
15,253,3.08
15,257,4.72
15,279,280.82
15,284,371.43
15,286,1.37
15,298,1.57
15,336,1.96
15,338,483.82
15,369,243.61
15,370,601.47
15,387,2.74
15,390,4.18
15,398,113.15
15,400,3.78
15,408,486.78
15,432,4.27
15,452,326.08
15,454,301.85
15,464,3.33
15,510,282.07
15,529,0.57
15,539,334.24
15,701,350.14
15,714,1.98
15,718,2.79
15,727,0.65
15,746,142.9
15,761,601.07
15,762,463.12
15,774,156.71
15,784,2541.58
15,801,358.3
15,811,0.53
15,814,92.9
15,827,582.8
15,845,3.09
15,859,3.07
15,892,4.9
15,916,2.93
15,920,167.5
15,960,1.05
15,972,2.1
16,31,1.82
16,60,4.59
16,66,3.4
16,80,2.59
16,88,427.2
16,92,522.82
16,94,1428.28
16,137,3.75
16,157,0.78
16,167,633.27
16,168,2.95
16,179,3.45
16,195,491.35
16,203,2.92
16,221,376.19
16,239,4.22
16,261,1999.41
16,271,3.7
16,290,164.38
16,324,676.85
16,328,4.02
16,369,420.05
16,370,486.37
16,438,3.08
16,444,688.16
16,464,335.4
16,470,353.29
16,471,4.12
16,498,1.39
16,532,544.61
16,535,3.03
16,537,4.0
16,541,3.85
16,551,1.26
16,569,1730.6
16,574,1.74
16,576,3.91
16,591,360.39
16,605,183.81
16,643,256.84
16,649,254.09
16,674,199.56
16,675,3.98
16,680,434.04
16,681,2.55
16,694,556.1
16,721,2.36
16,783,0.65
16,807,2597.52
16,808,1915.77
16,857,187.57
16,879,1.22
16,882,3.09
16,884,3.09
16,886,611.24
16,908,2.74
16,940,74.47
16,942,4.72
16,952,25.35
16,966,437.42
16,989,4.12
17,0,461.18
17,11,2.34
17,15,256.64
17,40,4.66
17,45,1155.83
17,55,540.06
17,70,232.36
17,76,1.69
17,116,148.51
17,126,2.32
17,237,4.32
17,240,1.61
17,257,671.39
17,264,0.87
17,292,1.99
17,338,2.01
17,363,288.06
17,381,0.92
17,415,0.77
17,445,2.32
17,447,1.51
17,460,1.93
17,466,503.75
17,486,4.78
17,490,2214.52
17,497,2.29
17,533,1648.4
17,553,2489.7
17,560,1.63
17,563,3.9
17,564,166.35
17,570,612.13
17,571,3.15
17,574,0.64
17,575,673.52
17,578,2168.47
17,585,1.04
17,588,109.99
17,595,2.71
17,632,65.81
17,653,515.39
17,655,661.16
17,658,995.65
17,661,4.31
17,686,2.44
17,700,3.83
17,702,3.96
17,712,2300.57
17,738,2.37
17,741,4.39
17,749,2383.9
17,752,4.71
17,754,41.53
17,784,2.89
17,819,170.04
17,839,1.47
17,891,2.51
17,897,2145.31
17,908,773.42
17,947,3.84
17,978,1.99
18,44,333.05
18,94,0.91
18,99,500.65
18,122,417.91
18,142,1.05
18,165,145.91
18,183,331.94
18,211,45.86
18,234,3.86
18,256,548.03
18,258,4.64
18,269,2332.08
18,331,1.11
18,336,461.2
18,344,2.13
18,372,3.34
18,389,4.68
18,456,4.27
18,471,39.13
18,507,591.73
18,508,1.88
18,525,56.31
18,552,369.77
18,560,527.34
18,574,444.96
18,576,455.21
18,592,426.47
18,605,2.41
18,614,2.2
18,624,2516.89
18,637,3.6
18,657,552.19
18,658,131.4
18,679,3.99
18,689,154.02
18,716,2.19
18,741,380.07
18,787,438.6
18,798,2.37
18,814,576.94
18,845,560.36
18,856,4.08
18,871,1366.74
18,880,2705.27
18,886,384.41
18,933,142.86
18,941,128.92
18,984,4.6
18,985,876.83
18,986,0.77
18,996,4.28
18,999,4.02
19,19,277.21
19,21,292.61
19,27,210.84
19,29,639.57
19,61,4.39
19,89,2.61
19,136,409.75
19,140,4.47
19,145,108.12
19,148,4.94
19,160,1309.87
19,164,0.64
19,208,2554.99
19,230,3.79
19,258,1.1
19,282,3.13
19,341,4.2
19,356,162.33
19,368,297.39
19,386,3.4
19,402,913.28
19,417,0.95
19,427,482.08
19,456,952.86
19,480,42.36
19,486,153.62
19,516,480.88
19,529,763.66
19,576,671.36
19,585,326.21
19,622,532.6
19,660,2907.0
19,667,1.59
19,689,2.4
19,699,1.11
19,707,144.56
19,737,2.13
19,740,1.41
19,747,2.59
19,751,861.48
19,780,149.78
19,799,51.66
19,801,2.05
19,803,218.74
19,815,732.19
19,837,421.1
19,843,0.72
19,855,2549.3
19,862,226.37
19,897,450.05
19,940,299.82
19,956,2.2
19,973,517.74
19,986,338.53
19,992,2.45
20,2,911.02
20,16,242.65
20,54,2739.79
20,60,3.91
20,70,92.22
20,97,3.09
20,110,303.87
20,118,3.63
20,123,1400.06
20,140,1681.03
20,153,207.54
20,165,135.9
20,175,326.33
20,179,1.17
20,185,4.34
20,205,271.44
20,248,4.36
20,265,1054.18
20,321,315.48
20,337,2.74
20,340,742.0
20,342,4.93
20,349,1.44
20,412,3.19
20,422,244.75
20,426,767.2
20,442,2.6
20,494,486.23
20,527,2018.34
20,545,4.72
20,591,358.92
20,594,4.07
20,616,1883.06
20,642,238.74
20,644,57.7
20,682,1.0
20,690,1.34
20,696,455.56
20,713,0.64
20,725,3.38
20,750,551.52
20,757,221.73
20,780,0.92
20,825,1410.73
20,826,445.79
20,870,208.99
20,897,99.87
20,904,2.84
20,916,508.24
20,941,4.06
20,983,0.79
20,994,2.75
20,999,137.21
21,6,1.66
21,31,2.86
21,36,3.5
21,90,251.09
21,104,1.01
21,126,4.03
21,135,2.02
21,146,2450.06
21,148,1.28
21,161,405.73
21,195,326.18
21,225,267.88
21,240,2.88
21,261,2.14
21,265,4.37
21,288,3.86
21,294,236.52
21,331,0.94
21,382,421.56
21,395,2.54
21,403,1.02
21,415,2.38
21,438,1017.62
21,491,2.44
21,500,679.87
21,504,2.25
21,509,1687.38
21,541,1898.92
21,544,648.58
21,581,361.51
21,628,4.21
21,651,4.43
21,671,545.01
21,677,1358.94
21,679,2864.25
21,694,1.41
21,711,0.87
21,759,2052.41
21,773,174.2
21,800,2310.61
21,806,230.16
21,825,528.39
21,855,3.19
21,865,1.46
21,880,1.51
21,888,2761.63
21,902,0.86
21,965,682.04
21,970,391.62
21,972,2724.89
21,984,250.32
21,993,81.77
22,7,2.5
22,10,2785.26
22,22,377.84
22,23,2.64
22,31,3.82
22,57,4.53
22,77,0.61
22,80,84.59
22,83,82.13
22,100,3.22
22,111,3.73
22,132,2.38
22,143,356.34
22,160,1.72
22,161,2629.56
22,196,510.21
22,214,2.46
22,227,4.94
22,231,4.71
22,243,2686.97
22,258,555.16
22,316,738.0
22,322,3.45
22,341,2644.09
22,362,1282.33
22,378,0.91
22,387,94.57
22,408,489.65
22,411,280.93
22,424,694.92
22,467,964.54
22,508,4.06
22,559,964.98
22,566,320.7
22,571,4.25
22,583,874.57
22,628,181.14
22,631,96.89
22,670,3.51
22,681,1.58
22,692,2.12
22,696,379.41
22,710,4.27
22,730,1.72
22,765,45.17
22,771,0.86
22,772,1.79
22,779,1.74
22,784,3.99
22,785,1244.19
22,791,1634.79
22,793,1.72
22,808,2097.65
22,835,245.25
22,847,1328.12
22,849,2.05
22,886,3.62
22,903,37.77
22,921,2.16
22,935,4.63
22,968,23.63
22,979,1.48
22,980,241.37
23,2,2.34
23,26,108.27
23,50,2660.46
23,64,4.92
23,92,2584.22
23,121,2.42
23,134,1995.29
23,138,382.64
23,187,124.18
23,190,544.62
23,200,1346.28
23,209,366.95
23,214,2.95
23,217,3.27
23,241,2920.18
23,266,440.52
23,274,326.49
23,288,2.31
23,295,4.36
23,331,2474.22
23,349,403.63
23,355,2.12
23,373,1459.84
23,382,294.69
23,431,4.68
23,445,2950.72
23,453,2.35
23,465,191.24
23,473,3.09
23,480,2.91
23,492,502.65
23,503,3.84
23,512,128.62
23,525,4.06
23,530,54.51
23,534,1951.26
23,560,1316.6
23,564,2.86
23,566,0.66
23,584,3.68
23,597,49.8
23,620,2.04
23,627,0.71
23,649,2977.45
23,650,595.62
23,654,236.31
23,665,595.91
23,683,17.0
23,710,411.89
23,746,0.85
23,758,0.74
23,770,2405.37
23,785,321.95
23,841,334.8
23,860,1.1
23,889,643.09
23,904,1425.82
23,928,1.94
23,987,148.55
24,15,560.08
24,48,292.4
24,49,4.45
24,58,1965.58
24,60,3.58
24,69,266.43
24,83,891.05
24,93,587.14
24,133,1.26
24,153,0.59
24,160,638.42
24,247,2.09
24,273,136.94
24,294,504.6
24,298,2.08
24,301,987.31
24,326,3.93
24,328,408.44
24,368,242.61
24,377,294.01
24,380,0.75
24,408,461.68
24,422,389.16
24,432,3.78
24,484,4.39
24,487,1658.73
24,524,0.62
24,541,3.34
24,579,516.97
24,607,3.17
24,612,1.77
24,617,3.32
24,619,514.18
24,636,340.35
24,637,161.05
24,652,0.54
24,667,423.11
24,684,1194.54
24,687,380.1
24,695,2.3
24,711,447.54
24,728,171.79
24,732,24.06
24,739,1251.48
24,745,603.07
24,751,0.75
24,754,104.5
24,765,1636.27
24,807,3.2
24,840,2.66
24,845,3.75
24,846,0.64
24,849,0.86
24,852,0.66
24,868,348.79
24,877,2658.46
24,917,154.57
24,928,4.92
24,951,105.35
24,978,391.45
24,992,191.72
24,994,293.88
25,5,256.26
25,13,0.92
25,33,399.86
25,37,584.5
25,38,2.65
25,41,1916.66
25,68,0.69
25,117,239.17
25,146,1.23
25,152,623.52
25,156,3.18
25,159,1.81
25,163,103.43
25,193,146.24
25,207,4.71
25,213,4.76
25,236,3.58
25,243,2.96
25,252,2255.21
25,284,32.71
25,286,282.63
25,287,2.45
25,310,0.83
25,325,0.78
25,339,2.66
25,348,4.86
25,358,86.98
25,386,1.58
25,399,513.12
25,447,1.91
25,476,3.09
25,495,227.27
25,503,4.85
25,521,1.9
25,529,860.63
25,594,0.56
25,615,1.98
25,645,3.54
25,685,3.91
25,688,262.97
25,699,3.86
25,706,2.12
25,714,632.98
25,732,1874.68
25,738,0.91
25,739,2.78
25,766,317.37
25,775,522.23
25,779,207.56
25,807,703.03
25,839,3.53
25,845,542.54
25,859,4.93
25,890,397.91
25,912,4.49
25,937,2339.21
25,938,3.26
25,948,180.84
25,962,455.99
25,985,129.62
26,9,3.79
26,30,182.39
26,41,0.82
26,46,3.15
26,54,0.51
26,75,651.76
26,102,654.29
26,129,510.5
26,130,1.83
26,141,4.19
26,143,3.6
26,155,5.19
26,218,4.37
26,221,3.2
26,305,2726.93
26,315,506.02
26,423,496.5
26,424,1.38
26,442,354.7
26,462,2641.86
26,476,1.04
26,544,3.91
26,546,2.82
26,568,2049.05
26,590,0.54
26,609,320.09
26,616,3.51
26,640,3.54
26,675,3.59
26,676,2.67
26,691,1.15
26,722,1300.15
26,741,1.04
26,753,0.61
26,768,622.1
26,770,505.33
26,771,1.1
26,801,0.89
26,810,4.55
26,813,0.86
26,819,4.34
26,837,3.84
26,862,3.89
26,888,228.17
26,896,3.98
26,914,1.67
26,919,1.19
26,928,1.97
26,956,4.75
26,979,2855.82
27,3,4.41
27,11,3.48
27,28,2.03
27,46,2.95
27,79,54.64
27,82,1.24
27,114,1000.12
27,116,499.51
27,129,550.11
27,166,440.89
27,187,2.78
27,217,353.79
27,218,0.85
27,221,175.44
27,244,1378.25
27,248,162.83
27,255,230.85
27,293,3.87
27,299,3.11
27,307,0.56
27,311,792.23
27,336,2.52
27,355,4.55
27,442,1.53
27,443,0.86
27,445,152.47
27,446,2086.77
27,452,0.71
27,459,1.33
27,541,149.38
27,566,1.53
27,571,372.12
27,607,538.63
27,647,2853.92
27,658,689.06
27,668,2.99
27,702,2.9
27,704,1.84
27,709,1983.3
27,735,4.44
27,761,4.11
27,791,2.23
27,797,3.24
27,816,2815.58
27,822,594.76
27,869,431.96
27,872,330.27
27,879,3.12
27,889,448.34
27,891,1534.85
27,930,3.07
27,937,4.28
27,952,2093.1
27,967,629.14
27,971,1.29
27,982,4.42
27,986,0.88
28,10,1864.65
28,13,2726.39
28,57,3.23
28,84,2.31
28,95,603.77
28,106,390.57
28,111,642.94
28,136,699.97
28,179,408.51
28,180,4.54
28,181,643.94
28,190,3.84
28,208,2.44
28,211,2969.76
28,216,158.86
28,242,149.14
28,262,2.25
28,268,84.34
28,276,2.94
28,283,0.57
28,322,3.79
28,345,404.36
28,359,2838.75
28,364,4.11
28,381,1747.36
28,400,3.12
28,427,38.2
28,442,3.75
28,460,448.52
28,479,672.09
28,485,636.29
28,490,3.28
28,530,705.61
28,545,3.82
28,546,147.42
28,560,3.7
28,595,430.48
28,602,4.73
28,608,2.56
28,616,2.36
28,647,199.98
28,658,548.34
28,670,274.9
28,677,0.64
28,687,0.72
28,700,2652.94
28,778,229.28
28,800,1.8
28,804,2199.69
28,844,1.81
28,852,637.79
28,858,165.83
28,862,3.58
28,881,332.01
28,889,187.29
28,891,4.85
28,926,178.12
28,945,439.19
28,949,671.3
28,962,0.86
28,983,262.6
28,985,3.74
28,990,2506.17
29,0,3.52
29,20,2031.45
29,21,334.09
29,29,446.76
29,40,301.74
29,41,39.54
29,76,1657.34
29,82,157.93
29,121,603.11
29,155,4.15
29,156,412.45
29,170,1.22
29,179,2001.63
29,184,3.86
29,208,0.64
29,235,561.45
29,237,188.17
29,238,1.57
29,240,215.03
29,252,1989.06
29,255,3.76
29,280,2.15
29,288,1.15
29,295,445.18
29,307,451.19
29,311,455.71
29,312,2.17
29,321,174.97
29,341,301.45
29,363,385.05
29,371,3.58
29,400,4.55
29,418,2850.43
29,461,249.75
29,465,622.92
29,478,3.04
29,482,2.0
29,487,2906.83
29,506,3.74
29,513,482.81
29,517,1705.89
29,558,3.85
29,599,2.58
29,608,3.97
29,612,0.77
29,634,2201.48
29,653,3.2
29,655,1903.85
29,678,2.73
29,680,3.57
29,704,212.87
29,724,640.41
29,732,1.11
29,738,377.62
29,746,4.04
29,750,1086.15
29,757,903.69
29,770,2788.17
29,784,1.5
29,788,239.57
29,818,552.39
29,825,1477.21
29,855,191.59
29,923,3.37
29,931,2.36
29,947,0.64
29,953,0.7
29,960,2217.41
30,3,2.95
30,9,2753.71
30,26,2.31
30,36,3.92
30,41,148.54
30,42,304.53
30,93,1.08
30,95,5.0
30,102,2025.45
30,106,347.59
30,127,133.45
30,144,2.24
30,147,499.88
30,200,4.74
30,206,1.77
30,222,0.87
30,270,0.97
30,281,1094.32
30,297,0.68
30,354,710.37
30,357,2.76
30,412,389.29
30,419,4.52
30,436,2704.97
30,445,1162.48
30,460,114.72
30,468,0.53
30,474,134.42
30,475,2.83
30,480,3.47
30,482,164.43
30,492,451.01
30,496,424.22
30,499,2.44
30,551,366.17
30,552,4.92
30,588,3.66
30,632,3.6
30,638,1.24
30,642,1.48
30,661,0.51
30,666,4.74
30,680,362.61
30,682,249.19
30,685,2.47
30,691,441.35
30,708,2.44
30,711,1.17
30,730,1609.69
30,747,3.44
30,771,2413.03
30,773,703.17
30,810,2.27
30,826,4.4
30,843,4.81
30,883,353.53
30,981,93.56
30,989,1455.87
30,999,2543.59
31,32,338.16
31,33,1.41
31,46,3.56
31,50,2.45
31,57,195.9
31,71,865.72
31,89,4.51
31,93,2.39
31,124,172.35
31,129,0.87
31,164,1.76
31,253,2.8
31,260,698.66
31,277,4.17
31,291,436.26
31,336,1.43
31,355,4.93
31,358,99.37
31,408,2.04
31,441,637.73
31,462,2.06
31,493,1.49
31,498,101.01
31,501,937.32
31,513,371.92
31,516,4.53
31,526,2047.44
31,527,2.89
31,535,548.42
31,543,4.23
31,564,307.16
31,592,2.18
31,601,3.09
31,653,3.08
31,657,0.75
31,677,457.42
31,683,2.54
31,707,1.27
31,737,2186.0
31,755,4.19
31,774,4.95
31,782,1.25
31,785,486.84
31,812,2.14
31,821,3.56
31,833,4.18
31,834,1802.7
31,848,3.62
31,901,3.75
31,904,144.13
31,959,2888.22
31,967,2.86
31,972,3.67
31,986,189.93
31,993,1.42
32,0,1524.61
32,13,3.49
32,35,1.81
32,124,4.29
32,164,3.17
32,172,153.64
32,174,3.25
32,176,0.89
32,195,1.82
32,196,671.19
32,252,1.8
32,253,1437.74
32,256,3.7
32,292,2774.05
32,299,3.19
32,308,593.99
32,312,4.83
32,320,641.4
32,325,0.53
32,328,1.03
32,330,178.09
32,343,515.28
32,375,220.94
32,379,289.4
32,385,3.78
32,404,1.74
32,439,679.63
32,446,4.73
32,488,0.97
32,523,2082.36
32,584,2.07
32,606,1.9
32,614,3.0
32,670,0.91
32,718,508.42
32,720,548.23
32,725,1763.61
32,743,384.75
32,761,2.76
32,763,0.65
32,781,2.33
32,782,132.16
32,792,335.3
32,808,3.52
32,820,3.86
32,845,4.37
32,867,2596.48
32,874,2.65
32,924,649.83
32,933,3.94
32,938,1.51
32,983,4.34
33,3,0.59
33,28,2591.28
33,43,447.43
33,51,546.97
33,61,134.11
33,62,2748.73
33,66,3.98
33,89,3.92
33,107,1.82
33,109,318.94
33,122,1.74
33,133,2380.69
33,135,2720.33
33,144,3.37
33,163,0.83
33,167,3.55
33,176,3.73
33,199,307.67
33,242,3.0
33,247,2.57
33,253,316.54
33,284,0.51
33,286,1.31
33,291,4.57
33,308,3.23
33,343,1.94
33,361,1.47
33,424,816.78
33,429,1.3
33,506,1.65
33,514,1.81
33,526,4.23
33,596,346.78
33,621,378.81
33,630,3.77
33,640,302.77
33,661,4.16
33,673,3.77
33,684,1414.58
33,695,222.87
33,735,1014.46
33,759,78.97
33,779,1656.87
33,784,501.51
33,785,793.05
33,786,2.88
33,790,4.88
33,797,247.57
33,799,592.55
33,801,30.37
33,808,546.2
33,816,4.93
33,818,2260.41
33,834,2129.78
33,840,0.85
33,842,4.07
33,846,2846.73
33,862,608.41
33,873,1.23
33,877,4.38
33,905,65.8
33,909,374.26
33,924,3.25
33,958,0.71
33,973,3.09
34,1,1.67
34,5,2658.56
34,8,340.56
34,12,1.41
34,31,4.45
34,53,4.64
34,61,64.36
34,102,1.59
34,107,579.08
34,127,118.03
34,141,444.08
34,200,3.34
34,256,1824.43
34,265,604.37
34,284,2937.26
34,307,4.47
34,317,200.4
34,349,2.01
34,360,0.59
34,393,24.55
34,415,1045.78
34,439,3.39
34,479,3.82
34,481,1520.34
34,483,1.48
34,512,636.13
34,516,184.6
34,526,4.19
34,545,235.1
34,560,1.33
34,567,1.48
34,573,160.3
34,588,366.11
34,637,1.84
34,660,230.55
34,688,4.26
34,700,4.91
34,711,2.67
34,739,316.47
34,744,3.83
34,766,2789.05
34,802,499.94
34,819,862.03
34,827,3.99
34,839,433.28
34,873,3.66
34,885,4.28
34,918,1.94
34,934,2488.16
34,942,3.98
34,946,176.93
34,959,570.07
34,985,3.1
35,21,400.6
35,26,369.01
35,28,6.47
35,33,432.63
35,42,2.71
35,69,1292.77
35,74,1141.66
35,85,2828.52
35,108,2.17
35,125,2.12
35,133,1.72
35,138,119.59
35,146,675.79
35,160,542.04
35,181,0.79
35,192,310.21
35,196,3.59
35,198,0.73
35,241,538.43
35,246,3.96
35,260,0.92
35,293,1.1
35,295,299.09
35,319,1053.19
35,325,2041.89
35,328,2.06
35,335,2.26
35,350,269.23
35,369,1.81
35,376,1151.9
35,403,49.7
35,405,1.93
35,479,1.81
35,529,3.83
35,540,509.73
35,554,4.07
35,569,3.73
35,572,4.28
35,583,3.46
35,608,3.66
35,611,515.82
35,646,3.44
35,663,376.01
35,670,635.28
35,676,484.94
35,680,668.57
35,701,2.63
35,709,438.94
35,722,1.06
35,739,4.78
35,752,2.63
35,780,3.61
35,794,0.51
35,820,3.38
35,830,3.74
35,840,3.66
35,864,2.15
35,869,386.08
35,873,569.11
35,876,531.74
35,880,4.97
35,916,4.47
35,923,2.04
35,971,0.96
35,974,171.67
35,978,498.54
35,981,4.94
36,0,475.44
36,23,421.52
36,27,1.61
36,66,985.16
36,78,591.02
36,85,4.78
36,114,763.45
36,115,338.8
36,116,2226.79
36,152,2.52
36,166,1.27
36,174,236.06
36,177,3.95
36,195,612.47
36,240,4.26
36,254,163.69
36,255,634.96
36,267,278.19
36,270,261.36
36,301,4.34
36,341,2.81
36,354,567.52
36,366,2.9
36,367,672.59
36,418,532.2
36,420,3.85
36,492,3.31
36,539,143.26
36,542,761.8
36,571,351.75
36,616,96.53
36,629,125.97
36,635,376.38
36,638,3.13
36,648,74.0
36,671,2.66
36,675,4.71
36,688,158.7
36,727,3.04
36,766,251.37
36,796,211.97
36,801,10.72
36,815,319.53
36,827,395.69
36,843,2.94
36,845,2392.72
36,866,169.5
36,897,476.27
36,933,1.36
36,934,662.4
37,2,2.17
37,68,2207.03
37,69,927.35
37,80,284.03
37,106,1.68
37,116,2684.91
37,137,1.39
37,146,64.61
37,169,144.11
37,192,682.05
37,194,207.79
37,203,2874.97
37,204,59.97
37,224,591.23
37,245,4.81
37,250,685.2
37,275,302.32
37,284,347.81
37,303,1.98
37,313,1.62
37,345,1321.3
37,374,1.6
37,396,231.04
37,401,278.5
37,407,148.45
37,418,235.01
37,430,335.63
37,441,1.83
37,457,3.42
37,495,4.28
37,506,3.53
37,508,365.1
37,527,667.58
37,531,1.92
37,536,1536.54
37,556,0.88
37,591,96.04
37,594,1.32
37,638,4.72
37,644,439.37
37,649,242.33
37,679,0.81
37,689,1455.35
37,723,2977.55
37,754,815.46
37,775,1.79
37,777,1278.62
37,779,4.72
37,824,2701.32
37,827,3.87
37,848,0.58
37,878,75.33
37,880,2.36
37,883,507.06
37,892,2694.75
37,917,4.72
37,928,1.74
37,938,611.11
37,940,514.8
37,941,264.86
37,947,3.73
37,949,2573.93
37,959,2.75
37,980,1315.8
37,992,0.59
37,996,2.33
38,7,3.65
38,22,358.04
38,64,125.69
38,89,170.81
38,92,3.53
38,97,2135.75
38,133,2068.35
38,138,468.11
38,159,2571.97
38,222,4.0
38,223,1.63
38,229,1984.86
38,241,1598.66
38,246,3.38
38,247,419.41
38,277,2.22
38,285,2.68
38,311,2.47
38,334,61.64
38,374,2.45
38,376,3.16
38,378,297.16
38,411,1507.89
38,442,4.05
38,443,1003.22
38,445,0.79
38,447,4.19
38,457,1229.65
38,460,152.65
38,561,2.96
38,569,421.32
38,576,363.88
38,578,3.37
38,580,569.74
38,589,666.53
38,604,415.02
38,608,3.15
38,637,444.01
38,642,77.58
38,649,2109.85
38,650,457.69
38,661,391.43
38,674,2498.74
38,692,4.01
38,696,585.31
38,747,512.91
38,752,3.72
38,761,689.9
38,809,660.11
38,834,1.14
38,837,4.08
38,851,1.75
38,915,937.02
38,936,2.55
38,947,4.63
38,962,300.91
38,980,300.11
38,991,1.37
39,56,146.42
39,76,457.44
39,82,1503.71
39,83,1972.8
39,87,3.33
39,101,1999.26
39,104,2.22
39,120,213.59
39,149,552.38
39,160,3.36
39,173,2.88
39,176,3.58
39,179,0.64
39,200,3.36
39,213,4.55
39,247,4.63
39,258,1.53
39,263,4.13
39,277,153.48
39,316,1.27
39,365,3.05
39,411,4.11
39,415,3.75
39,446,2908.82
39,470,1956.23
39,499,1.44
39,512,446.28
39,521,4.16
39,532,90.19
39,581,496.56
39,596,193.14
39,613,693.29
39,662,4.93
39,691,0.78
39,703,1.29
39,706,238.16
39,742,1218.27
39,744,442.22
39,760,540.78
39,775,714.98
39,807,0.66
39,808,4.68
39,811,179.55
39,887,675.69
39,921,337.57
39,932,1.57
39,997,581.88
40,6,393.99
40,42,2208.63
40,74,1.48
40,84,1.66
40,100,446.47
40,114,202.8
40,123,2.4
40,124,2.85
40,155,4.32
40,170,3.48
40,172,3.17
40,175,4.56
40,194,494.78
40,200,1.45
40,232,564.01
40,241,139.73
40,303,1.11
40,308,396.17
40,320,1.93
40,358,1.91
40,367,175.33
40,382,54.47
40,385,2.03
40,399,1142.55
40,403,781.28
40,433,29.15
40,473,1.27
40,515,3.91
40,549,0.57
40,569,0.63
40,577,1.04
40,619,318.96
40,630,1.75
40,642,546.48
40,730,59.01
40,768,436.91
40,785,594.13
40,789,4.93
40,810,684.29
40,811,223.89
40,830,4.79
40,834,2.95
40,859,0.7
40,869,3.85
40,871,695.39
40,877,350.23
40,884,4.14
40,893,2.02
40,907,460.22
40,992,1743.27
41,45,309.18
41,61,2.12
41,82,99.17
41,94,64.87
41,98,261.61
41,122,1.82
41,144,3.35
41,148,86.47
41,170,46.39
41,176,438.93
41,179,180.78
41,211,101.59
41,217,4.43
41,226,1994.6
41,229,594.88
41,271,4.05
41,275,447.55
41,282,91.64
41,292,1.11
41,302,378.64
41,304,532.42
41,314,1.54
41,329,2.04
41,370,431.34
41,376,4.96
41,378,2.29
41,403,455.92
41,466,2520.79
41,498,3.23
41,500,533.33
41,538,4.34
41,545,1.51
41,573,3.71
41,590,2564.27
41,592,140.09
41,593,0.8
41,596,2290.35
41,600,489.92
41,639,1.02
41,643,1699.01
41,670,741.87
41,693,355.38
41,695,3.09
41,696,49.87
41,708,356.14
41,729,3.79
41,730,2805.26
41,767,226.84
41,775,3.3
41,797,3.63
41,815,2.06
41,818,1736.36
41,850,125.13
41,875,64.14
41,878,418.35
41,888,1586.08
41,899,660.4
41,903,2.24
41,907,2.39
41,914,590.09
41,927,1716.58
41,946,509.87
41,976,279.7
41,986,1.29
41,990,376.5
42,13,540.89
42,20,1989.97
42,85,2.17
42,91,194.35
42,137,238.04
42,151,2.94
42,157,4.4
42,169,2869.57
42,176,156.51
42,226,111.83
42,229,4.58
42,254,2.25
42,266,1.29
42,307,2442.63
42,335,3.55
42,336,1.91
42,347,400.05
42,351,278.74
42,374,146.46
42,382,328.77
42,384,205.66
42,390,4.09
42,393,2.14
42,425,4.49
42,444,70.6
42,464,1.97
42,466,2.47
42,498,1.08
42,515,233.22
42,537,0.65
42,555,2.32
42,562,4.68
42,570,3.75
42,572,186.67
42,579,248.58
42,581,1117.87
42,582,2.47
42,583,3.34
42,590,1670.42
42,603,2328.44
42,633,93.18
42,642,1255.16
42,643,135.8
42,667,3.35
42,671,4.65
42,677,2.01
42,682,4.94
42,689,225.84
42,708,3.84
42,715,4.7
42,716,137.3
42,735,2.43
42,743,198.5
42,755,2973.1
42,760,405.37
42,770,4.94
42,782,78.61
42,810,4.66
42,831,1488.13
42,905,3.69
42,922,3.17
42,939,488.05
42,941,1.04
42,967,4.17
42,968,280.85
42,972,441.53
42,990,2189.79
42,992,2.32
43,7,4.04
43,14,569.97
43,15,622.7
43,20,0.88
43,35,2.7
43,58,1.33
43,73,3.98
43,122,4.34
43,127,459.38
43,131,1.25
43,187,669.95
43,197,0.92
43,250,2592.48
43,264,2459.79
43,267,676.39
43,292,1137.98
43,309,1.58
43,315,29.15
43,356,2376.41
43,394,414.5
43,442,4.66
43,457,4.87
43,465,4.75
43,474,158.85
43,486,2647.59
43,514,4.13
43,578,529.1
43,580,4.45
43,596,186.99
43,655,310.17
43,680,4.03
43,692,2.26
43,707,285.89
43,731,3.29
43,774,295.25
43,791,4.87
43,818,2.11
43,842,866.87
43,868,3.7
43,879,4.52
43,893,4.97
43,905,0.86
43,906,1.64
43,913,2.72
43,945,1348.99
43,954,4.44
43,998,75.13
44,0,2.57
44,3,501.71
44,7,1.06
44,12,4.63
44,21,400.0
44,57,333.92
44,89,4.47
44,96,0.89
44,165,1329.95
44,178,2519.89
44,189,4.99
44,201,392.92
44,207,2.97
44,224,4.93
44,230,348.53
44,236,1120.41
44,270,2490.42
44,304,2.85
44,307,29.99
44,323,1.78
44,324,263.08
44,342,296.53
44,348,542.67
44,354,640.18
44,365,1547.99
44,382,0.76
44,411,1769.75
44,414,3.79
44,422,4.85
44,494,282.87
44,525,209.41
44,577,1.7
44,586,209.71
44,606,2.22
44,627,2.44
44,635,229.72
44,643,0.91
44,655,209.75
44,657,485.08
44,679,4.66
44,689,579.53
44,707,1773.33
44,715,341.59
44,726,324.25
44,739,503.03
44,745,3.36
44,749,0.74
44,786,0.53
44,848,78.12
44,850,477.54
44,884,4.29
44,888,203.84
44,901,3.65
44,912,1.14
44,917,2968.97
44,932,252.05
44,941,2288.38
44,952,2198.33
45,25,0.95
45,48,627.39
45,77,4.48
45,94,142.74
45,105,63.3
45,107,403.89
45,132,22.99
45,138,179.87
45,158,2.98
45,188,1.88
45,215,173.92
45,216,1.98
45,233,2.24
45,237,664.25
45,239,3.4
45,258,1.67
45,269,1331.01
45,274,1.76
45,275,2.24
45,309,53.54
45,348,1.7
45,392,379.64
45,397,2.41
45,405,2.77
45,416,4.95
45,440,551.51
45,443,1921.74
45,446,3.16
45,470,1730.2
45,471,355.5
45,488,1.12
45,497,662.68
45,534,1.75
45,546,559.85
45,575,170.05
45,616,2027.24
45,621,445.93
45,623,4.82
45,629,4.06
45,639,0.7
45,656,5.0
45,692,221.23
45,709,2000.43
45,738,4.53
45,750,1.38
45,783,1.11
45,786,2.96
45,816,430.9
45,835,269.56
45,838,0.85
45,842,0.91
45,889,2.7
45,897,4.61
45,904,182.97
45,940,923.67
45,956,518.81
45,968,1.65
45,970,2.33
45,997,309.09
46,2,225.8
46,13,4.69
46,50,1.46
46,71,604.33
46,95,453.6
46,107,2.11
46,111,1.37
46,112,1912.77
46,113,651.75
46,127,0.58
46,165,1060.13
46,169,1815.45
46,219,1116.73
46,227,370.44
46,235,161.12
46,243,3.78
46,259,4.36
46,270,58.11
46,283,217.56
46,292,620.93
46,315,4.13
46,325,440.14
46,351,187.83
46,358,0.82
46,362,203.91
46,370,2889.17
46,406,4.28
46,414,587.69
46,419,3.54
46,465,1.82
46,471,2709.57
46,473,0.99
46,480,209.15
46,491,3.86
46,505,4.91
46,507,2.16
46,519,959.22
46,541,523.36
46,600,476.84
46,621,1968.27
46,626,4.49
46,642,1.32
46,669,628.65
46,686,3.86
46,698,3.21
46,725,3.0
46,728,4.87
46,789,4.53
46,820,0.83
46,822,2.71
46,864,559.27
46,877,3.48
46,900,3.31
46,916,1.57
46,960,525.76
47,1,136.21
47,8,1.03
47,14,1.22
47,31,0.72
47,51,3.45
47,69,0.51
47,83,374.03
47,100,98.45
47,105,195.15
47,106,1333.68
47,134,2.1
47,173,582.99
47,175,2.16
47,180,186.1
47,197,668.73
47,198,2.72
47,199,2042.53
47,214,134.87
47,226,2420.5
47,234,186.77
47,239,224.95
47,249,101.7
47,299,169.61
47,309,2302.85
47,314,2402.25
47,319,23.44
47,340,401.64
47,376,156.26
47,380,85.0
47,386,154.19
47,393,78.48
47,403,280.88
47,442,265.1
47,450,193.01
47,493,1.83
47,505,1.25
47,518,2.76
47,524,2661.17
47,547,2751.48
47,565,3.23
47,578,3.35
47,583,3.78
47,610,2.33
47,620,4.98
47,627,1351.94
47,630,2.74
47,670,2784.25
47,694,495.02
47,695,107.07
47,733,0.5
47,742,423.14
47,760,4.25
47,766,2.17
47,784,2.14
47,802,504.04
47,808,67.06
47,812,236.64
47,815,207.63
47,840,419.1
47,846,2564.8
47,889,601.3
47,910,2.1
47,911,0.63
47,921,0.78
47,942,247.27
47,981,4.84
48,28,695.79
48,29,511.43
48,31,626.96
48,33,1407.28
48,35,492.84
48,78,0.72
48,84,3.48
48,113,2.59
48,121,326.8
48,163,1.42
48,187,4.98
48,194,4.55
48,222,3.04
48,227,1.51
48,233,3.34
48,251,0.92
48,313,446.02
48,328,400.45
48,363,0.51
48,370,529.52
48,371,563.53
48,385,172.24
48,394,4.86
48,397,1562.13
48,412,2.71
48,421,3.49
48,427,3.34
48,431,0.55
48,462,616.73
48,466,518.37
48,505,267.58
48,552,1028.25
48,575,2480.63
48,617,4.71
48,633,2050.55
48,636,2489.04
48,666,224.87
48,678,120.96
48,679,276.76
48,696,3.69
48,754,2109.06
48,755,139.0
48,769,3.1
48,781,551.05
48,798,1487.04
48,811,2.2
48,846,3.75
48,867,612.01
48,873,1.57
48,874,86.1
48,895,4.88
48,912,3.08
48,945,260.21
48,948,2.37
48,962,2.98
48,984,189.18
48,994,586.56
49,36,2.23
49,47,3.42
49,66,639.75
49,125,407.15
49,143,2.78
49,144,2.52
49,145,4.08
49,183,808.15
49,187,290.99
49,192,1.06
49,219,3.57
49,262,4.54
49,276,2851.1
49,285,2418.71
49,294,535.03
49,319,3.67
49,323,174.63
49,385,698.11
49,414,0.79
49,424,3.53
49,436,560.53
49,457,223.04
49,474,4.64
49,478,1.94
49,483,2.02
49,485,141.44
49,500,4.35
49,502,95.76
49,508,2.33
49,517,4.21
49,531,717.34
49,537,1730.87
49,539,1514.18
49,557,4.88
49,572,2.88
49,580,669.09
49,588,1.67
49,605,1.46
49,622,114.96
49,684,1.04
49,698,2168.11
49,712,2.48
49,723,1.77
49,740,1319.84
49,750,2.26
49,752,2575.99
49,769,630.64
49,786,2.77
49,793,4.12
49,809,121.89
49,816,604.05
49,836,1.7
49,837,1.28
49,866,2.99
49,881,3.09
49,891,15.95
49,892,1014.76
49,901,2987.97
49,931,3.67
49,945,514.88
49,965,366.98
49,974,4.08
49,987,3.84
49,989,157.51
49,990,2.71
50,2,3.85
50,9,1.88
50,28,1255.37
50,33,2583.71
50,45,2.83
50,47,4.34
50,54,292.17
50,58,1886.48
50,76,2.45
50,78,502.14
50,80,2.09
50,82,82.79
50,83,3.46
50,99,600.61
50,109,3.64
50,130,3.37
50,131,0.88
50,159,3.33
50,172,2763.76
50,173,0.77
50,175,0.98
50,199,1.88
50,229,1.05
50,232,533.05
50,240,116.52
50,250,3.63
50,267,4.61
50,273,2.61
50,280,2.68
50,283,4.14
50,310,487.8
50,312,204.13
50,317,264.12
50,347,963.63
50,361,2.02
50,365,0.83
50,378,4.18
50,389,17.45
50,402,33.36
50,429,4.97
50,432,448.01
50,447,115.44
50,461,4.43
50,463,370.92
50,481,3.59
50,492,4.48
50,496,4.09
50,512,4.18
50,568,2.35
50,584,111.05
50,595,1.19
50,624,4.99
50,634,1785.49
50,645,86.97
50,667,2.61
50,689,0.68
50,694,4.29
50,701,4.13
50,724,2962.25
50,758,2.86
50,829,226.03
50,846,3.93
50,873,496.71
50,876,1.01
50,880,476.3
50,881,683.41
50,921,1644.17
50,922,213.16
50,932,1.54
50,970,1192.29
50,983,2719.35
50,998,617.01
51,1,2.75
51,23,3.68
51,37,4.99
51,51,1.46
51,88,1.94
51,102,3.79
51,114,2.07
51,150,1042.64
51,206,759.73
51,216,4.64
51,237,2.28
51,240,1303.17
51,290,2197.57
51,325,2.74
51,406,326.53
51,421,1.71
51,432,2514.95
51,467,2.35
51,486,3.5
51,512,630.62
51,527,604.73
51,557,999.33
51,646,4.56
51,658,284.14
51,665,525.47
51,674,356.65
51,681,2.38
51,682,1.42
51,695,4.44
51,715,3.61
51,716,1.82
51,735,4.69
51,736,931.24
51,739,1.97
51,748,3.16
51,769,474.69
51,780,2.51
51,790,46.18
51,798,2.28
51,803,4.36
51,846,377.64
51,849,1.97
51,858,3.74
51,880,1123.56
51,895,156.44
51,899,3.89
51,903,3.58
51,909,2.48
51,915,4.5
51,919,1.96
51,931,2.54
51,956,478.83
51,976,3.48
51,997,221.83
52,0,1252.45
52,35,3.02
52,86,2176.25
52,90,565.08
52,104,245.79
52,148,203.5
52,160,3.74
52,170,173.05
52,178,1.26
52,197,613.82
52,232,266.28
52,262,0.54
52,267,253.19
52,315,3.22
52,317,4.6
52,332,283.38
52,342,0.59
52,351,4.54
52,360,47.53
52,366,382.87
52,398,4.43
52,412,4.7
52,415,1290.55
52,480,409.57
52,482,2.5
52,487,4.02
52,490,668.27
52,495,79.16
52,566,331.65
52,613,778.77
52,617,1.26
52,635,3.97
52,642,4.84
52,662,282.01
52,673,457.22
52,693,2.78
52,708,4.33
52,743,393.82
52,749,200.06
52,754,388.75
52,798,3.29
52,832,1877.46
52,841,677.3
52,852,1278.2
52,896,72.34
52,899,92.96
52,919,4.32
52,938,1.71
52,940,3.34
52,947,1.46
52,968,495.48
52,970,1166.07
52,978,3.18
52,992,2.24
53,32,680.66
53,42,1.25
53,43,0.58
53,52,2.12
53,59,59.78
53,63,0.6
53,83,3.49
53,160,1.06
53,174,3.18
53,225,0.81
53,253,388.19
53,293,1.27
53,295,3.08
53,313,2.52
53,316,4.19
53,339,603.05
53,341,2.99
53,360,130.08
53,376,730.47
53,381,2.97
53,384,93.69
53,386,1.33
53,400,2.05
53,401,2.07
53,412,184.53
53,464,2.55
53,467,379.75
53,474,380.11
53,476,586.86
53,479,4.02
53,483,234.25
53,509,3.87
53,511,476.82
53,512,3.75
53,523,1.7
53,534,571.58
53,539,491.34
53,580,0.8
53,593,1.75
53,603,2453.39
53,604,3.65
53,630,510.12
53,664,0.77
53,666,4.52
53,673,174.71
53,677,372.46
53,683,174.89
53,722,4.25
53,747,3.04
53,750,301.66
53,761,61.84
53,772,1.66
53,783,2.8
53,791,175.07
53,804,4.21
53,826,4.59
53,835,4.5
53,867,2.9
53,873,4.66
53,887,231.53
53,956,532.07
53,977,388.49
53,985,263.6
53,999,3.68
54,3,2.86
54,18,1094.44
54,29,3.65
54,38,3.36
54,53,417.75
54,73,610.15
54,93,2.23
54,111,2.36
54,124,56.84
54,172,1.16
54,198,597.03
54,250,4.02
54,260,4.1
54,269,4.18
54,270,2.79
54,277,2102.77
54,281,2016.53
54,285,3.03
54,296,4.34
54,315,3.01
54,366,4.15
54,378,4.55
54,410,1.9
54,471,116.97
54,502,3.11
54,512,2265.45
54,542,4.86
54,563,1.67
54,585,1.17
54,594,498.87
54,598,644.58
54,601,2674.3
54,606,415.94
54,632,1.72
54,642,688.37
54,650,1.98
54,664,1.14
54,667,2569.32
54,670,87.86
54,692,228.92
54,702,5.84
54,732,2.68
54,762,686.42
54,793,680.03
54,805,21.82
54,817,1.3
54,837,2128.89
54,842,671.85
54,865,428.88
54,867,35.01
54,876,2570.02
54,881,4.73
54,890,1315.42
54,901,1.46
54,911,2.22
54,927,421.49
54,947,278.0
54,950,2.04
54,977,0.91
54,993,449.32
55,11,2.03
55,17,1.27
55,33,2.93
55,36,549.33
55,48,120.38
55,61,680.82
55,64,0.96
55,78,3.9
55,83,1922.01
55,86,2.82
55,96,2.74
55,126,1.2
55,171,3.53
55,227,1.55
55,230,1.37
55,231,510.78
55,237,3.51
55,243,2.0
55,324,356.2
55,326,3.2
55,334,680.9
55,335,2.52
55,338,490.41
55,357,3.27
55,386,2594.15
55,387,1.52
55,390,425.69
55,446,2.29
55,461,3.91
55,466,555.11
55,469,3.31
55,476,2807.56
55,496,3.47
55,516,2.6
55,528,459.2
55,537,109.13
55,539,4.23
55,560,183.52
55,571,1636.92
55,573,1.99
55,577,4.8
55,595,273.54
55,605,2.75
55,644,1432.33
55,651,4.72
55,695,4.74
55,697,96.21
55,698,4.55
55,699,472.3
55,725,2.55
55,796,417.61
55,858,2.34
55,950,462.22
55,957,4.53
55,978,1713.03
55,986,1813.08
56,1,3.88
56,9,2918.25
56,12,356.0
56,15,259.52
56,42,3.35
56,48,3.17
56,50,1.89
56,51,331.65
56,73,647.84
56,93,484.09
56,96,1470.21
56,106,2.03
56,109,0.96
56,120,1136.05
56,121,1114.64
56,133,477.46
56,152,35.0
56,166,322.64
56,171,1.41
56,188,0.78
56,191,1.08
56,213,649.34
56,222,4.34
56,230,2928.87
56,245,4.74
56,262,594.72
56,276,0.64
56,278,1.08
56,300,1.6
56,332,1.93
56,349,207.79
56,350,684.73
56,372,2.78
56,381,436.27
56,391,172.55
56,417,646.42
56,419,2.96
56,433,2643.17
56,468,401.82
56,512,467.09
56,517,486.11
56,518,2.45
56,534,526.2
56,535,0.8
56,539,1.06
56,562,3.34
56,584,1.99
56,642,681.94
56,652,2.85
56,718,3.65
56,736,2341.7
56,755,445.02
56,780,221.25
56,786,46.89
56,810,2.81
56,818,546.43
56,833,156.55
56,841,1.71
56,843,658.29
56,857,2207.07
56,876,4.34
56,888,4.21
56,975,3.93
56,982,1384.71
56,998,1.4
57,29,2.35
57,41,258.9
57,51,47.95
57,79,1.68
57,81,4.46
57,89,4.66
57,93,1549.68
57,96,613.33
57,138,4.72
57,139,1842.9
57,145,1296.16
57,158,542.69
57,181,387.0
57,182,3.77
57,216,177.7
57,227,315.66
57,241,2.86
57,259,2520.94
57,294,4.7
57,296,616.68
57,353,405.34
57,378,0.72
57,414,1581.06
57,424,4.52
57,436,1729.6
57,437,3.0
57,446,4.13
57,453,646.03
57,468,1.66
57,484,4.35
57,491,373.9
57,518,1.1
57,586,118.92
57,602,2.54
57,645,4.33
57,647,1969.43
57,669,1000.33
57,678,107.94
57,698,1.36
57,771,296.26
57,795,617.67
57,822,513.28
57,834,1.41
57,853,293.25
57,863,2.99
57,898,4.73
57,900,0.69
57,909,3.22
57,924,29.19
57,938,447.01
57,947,107.82
57,968,3.7
57,969,2435.09
57,989,2022.99
58,5,390.44
58,7,298.27
58,8,1660.2
58,31,3.13
58,37,4.2
58,48,3.12
58,122,1566.62
58,130,3.63
58,147,2.27
58,157,2.15
58,174,2.41
58,188,4.19
58,196,772.73
58,200,1.52
58,202,99.06
58,212,4.64
58,237,0.57
58,295,1209.07
58,322,672.44
58,356,3.57
58,373,4.03
58,411,1.86
58,442,612.72
58,444,1.76
58,456,1.14
58,511,589.69
58,536,0.8
58,551,1.35
58,559,2.69
58,560,2.31
58,623,330.63
58,632,2.13
58,633,659.48
58,655,4.12
58,675,1.95
58,684,468.98
58,698,2.53
58,723,1802.71
58,724,246.53
58,727,672.11
58,732,3.38
58,738,610.49
58,740,1.78
58,762,1.14
58,767,4.37
58,777,2.65
58,791,195.57
58,820,426.59
58,845,71.11
58,848,2.13
58,864,1415.33
58,869,471.52
58,872,4.05
58,891,13.01
58,903,922.27
58,904,3.72
58,905,638.69
58,919,1.25
58,928,175.14
58,954,1.82
58,958,1741.39
59,10,0.75
59,14,328.22
59,23,1133.0
59,24,3.34
59,39,474.06
59,92,306.9
59,120,2081.91
59,126,4.76
59,134,238.0
59,144,58.4
59,149,3.41
59,152,0.72
59,169,3.9
59,200,1.93
59,202,400.69
59,208,102.24
59,235,2416.46
59,268,160.44
59,279,1927.26
59,286,1.15
59,290,1516.29
59,312,627.95
59,318,1.84
59,326,1064.22
59,329,2.16
59,338,4.0
59,340,333.38
59,350,284.08
59,353,1.97
59,376,281.01
59,406,431.54
59,427,389.21
59,466,102.96
59,477,3.99
59,483,4.56
59,494,670.46
59,496,2.82
59,503,3.93
59,530,31.12
59,549,2864.8
59,560,486.02
59,562,0.66
59,567,171.78
59,585,2466.62
59,603,528.93
59,611,575.11
59,637,2.58
59,658,1306.07
59,666,3.04
59,667,306.73
59,674,3.83
59,681,1.21
59,698,4.63
59,708,531.46
59,712,88.04
59,728,2.93
59,737,616.66
59,760,0.63
59,770,1.16
59,801,38.59
59,808,4.69
59,823,330.1
59,854,3.04
59,898,2980.81
59,953,36.55
59,971,813.08
59,978,634.64
59,985,1876.25
60,1,4.76
60,17,66.94
60,25,429.56
60,27,0.84
60,28,194.11
60,44,3.01
60,47,4.08
60,62,35.89
60,74,2.43
60,103,3.51
60,104,4.72
60,120,2110.13
60,154,329.96
60,183,2152.29
60,193,1.46
60,226,3.79
60,229,594.36
60,236,39.59
60,238,3.72
60,247,2004.63
60,265,3.13
60,266,3.94
60,315,1.38
60,323,1.91
60,328,3.62
60,335,3.52
60,342,490.06
60,399,2.86
60,402,3.6
60,443,298.04
60,446,3.72
60,457,208.74
60,491,639.0
60,518,1.98
60,528,0.57
60,534,316.57
60,539,1.81
60,554,225.81
60,559,3.16
60,592,4.66
60,597,2674.03
60,611,4.71
60,634,407.81
60,636,4.28
60,652,1587.52
60,672,666.95
60,682,2.52
60,695,2.19
60,706,2.52
60,731,2.48
60,737,2283.82
60,764,481.96
60,788,0.64
60,812,417.83
60,832,1.76
60,842,1328.85
60,856,179.14
60,878,1.96
60,884,2.27
60,890,388.04
60,909,3.95
60,914,1895.76
60,915,2.7
60,929,603.98
60,934,314.3
60,937,2.17
60,945,30.32
60,948,301.28
61,7,44.38
61,17,490.17
61,19,2.85
61,20,319.5
61,22,2.42
61,25,412.06
61,32,4.22
61,36,1.03
61,43,0.65
61,66,2682.79
61,68,210.32
61,89,2.73
61,99,2.58
61,110,2297.85
61,136,445.36
61,138,961.65
61,155,2211.84
61,176,486.74
61,197,1.99
61,199,3.36
61,204,3.99
61,223,2.75
61,241,501.41
61,246,596.08
61,253,53.19
61,297,2.58
61,321,4.6
61,334,2.55
61,341,1.64
61,344,0.85
61,402,1.78
61,425,153.73
61,451,157.48
61,456,4.29
61,465,412.64
61,480,2109.58
61,497,4.5
61,502,568.17
61,513,4.17
61,523,1.59
61,528,83.39
61,534,1901.09
61,535,2.15
61,540,4.59
61,551,65.17
61,563,1703.52
61,568,176.92
61,570,2.5
61,576,2777.2
61,588,666.68
61,590,1.39
61,591,716.77
61,594,1.3
61,597,4.43
61,601,394.21
61,621,1.54
61,631,313.46
61,655,170.14
61,672,430.1
61,700,2168.62
61,720,2298.34
61,724,263.17
61,737,471.78
61,742,91.45
61,758,4.05
61,772,680.66
61,783,4.2
61,806,27.18
61,818,1.25
61,844,71.52
61,851,4.28
61,854,680.74
61,859,4.76
61,864,299.75
61,892,2.14
61,895,4.4
61,909,1610.58
61,917,2.54
61,925,2971.29
61,950,206.68
61,985,0.75
62,12,1.23
62,21,379.11
62,25,0.51
62,27,2.82
62,28,171.35
62,67,621.78
62,75,1.03
62,144,162.2
62,165,3.25
62,167,669.32
62,169,541.34
62,234,683.47
62,257,1353.56
62,260,665.77
62,328,4.39
62,331,2911.43
62,332,3.95
62,340,1.32
62,372,4.55
62,416,198.58
62,431,14.57
62,444,0.64
62,450,537.56
62,473,231.99
62,533,4.42
62,584,309.17
62,605,467.7
62,611,390.95
62,619,635.19
62,620,485.59
62,632,640.19
62,649,547.09
62,674,300.5
62,679,4.85
62,685,1803.32
62,723,331.46
62,727,342.87
62,750,589.84
62,756,3.21
62,761,183.67
62,800,2.53
62,805,2654.6
62,808,1.41
62,831,208.96
62,832,356.51
62,845,380.17
62,847,106.91
62,862,607.6
62,890,0.78
62,893,3.69
62,895,3.96
62,900,412.97
62,919,1.4
62,934,107.13
62,974,363.32
63,9,446.93
63,10,2167.88
63,28,515.09
63,31,4.83
63,60,0.92
63,71,154.25
63,81,400.36
63,82,595.92
63,87,2369.11
63,106,259.77
63,108,367.26
63,121,395.06
63,138,4.29
63,249,4.23
63,250,0.82
63,265,112.52
63,289,3.41
63,291,475.15
63,312,226.5
63,322,2.59
63,342,3.23
63,357,272.15
63,382,490.71
63,405,4.95
63,433,0.82
63,450,3.71
63,486,694.42
63,489,0.59
63,503,63.74
63,578,1.33
63,580,4.26
63,593,1084.8
63,603,605.29
63,669,3.75
63,704,165.3
63,709,127.41
63,733,3.17
63,757,223.34
63,762,15.7
63,785,1400.09
63,788,456.81
63,790,420.82
63,808,4.01
63,827,3.84
63,858,617.61
63,869,21.46
63,872,1.43
63,884,1296.73
63,896,275.43
63,903,2948.43
63,904,2910.41
63,938,1.02
63,961,2.85
63,983,3.81
64,30,1.16
64,42,449.08
64,52,421.95
64,72,3.07
64,88,4.7
64,111,322.77
64,118,35.31
64,134,4.54
64,147,3.27
64,154,86.07
64,174,326.99
64,194,365.52
64,208,2.58
64,241,3.25
64,290,2.9
64,317,2.71
64,332,4.3
64,337,189.11
64,347,516.43
64,350,4.89
64,354,1283.88
64,373,12.3
64,396,2.32
64,413,3.46
64,420,4.6
64,438,3.29
64,444,3.65
64,446,1.73
64,450,84.97
64,459,4.32
64,474,219.35
64,485,154.33
64,493,535.05
64,499,4.43
64,501,1.75
64,522,2042.73
64,523,1901.84
64,531,1198.78
64,534,0.88
64,562,1.38
64,572,2.94
64,575,0.81
64,591,425.78
64,595,2086.39
64,630,219.09
64,660,0.95
64,687,993.8
64,700,2911.85
64,729,497.77
64,757,410.43
64,776,11.24
64,803,2.16
64,805,507.26
64,808,3.38
64,811,3.84
64,822,665.26
64,825,0.86
64,837,4.91
64,852,616.51
64,861,637.42
64,867,512.52
64,872,3.77
64,876,3.79
64,902,3.89
64,911,3.34
64,962,2.22
64,987,0.99
64,994,1.05
65,0,1.01
65,7,1.1
65,13,2.93
65,26,2737.79
65,32,104.92
65,34,251.12
65,58,2798.92
65,60,350.97
65,107,1.44
65,109,0.93
65,118,2.88
65,122,1.65
65,140,299.97
65,167,287.46
65,178,1189.35
65,192,659.52
65,224,0.92
65,230,454.06
65,245,3.58
65,255,448.87
65,278,1.49
65,282,0.53
65,284,445.64
65,315,3.93
65,335,277.36
65,343,0.83
65,361,4.3
65,367,1.62
65,402,1.96
65,406,3.47
65,418,2.26
65,431,401.58
65,440,222.47
65,443,429.63
65,448,3.46
65,457,0.94
65,466,2581.52
65,508,1796.38
65,542,0.5
65,575,3.17
65,594,3.71
65,647,463.89
65,674,667.34
65,687,4.91
65,696,2.08
65,716,1.51
65,743,4.41
65,777,282.48
65,798,2.04
65,809,4.53
65,849,3.9
65,852,523.28
65,857,4.26
65,861,363.32
65,875,4.6
65,889,2529.13
65,964,2954.07
65,975,111.44
66,29,412.75
66,35,4.07
66,37,4.86
66,42,1.63
66,66,838.54
66,71,2.48
66,103,414.42
66,104,105.48
66,113,345.42
66,125,977.43
66,133,679.51
66,146,448.78
66,158,675.86
66,175,429.41
66,208,154.65
66,223,1.79
66,258,374.25
66,291,2343.66
66,292,455.63
66,297,2518.63
66,325,258.2
66,331,369.96
66,351,1.25
66,392,1.08
66,419,439.76
66,420,511.52
66,424,3.44
66,464,574.92
66,487,91.09
66,514,549.21
66,564,2.28
66,567,1369.6
66,575,113.79
66,612,1328.9
66,622,657.99
66,647,63.22
66,661,1199.69
66,665,92.47
66,668,412.98
66,679,2.01
66,690,1977.73
66,711,1.56
66,723,2785.03
66,745,2862.13
66,747,97.93
66,755,1.65
66,790,2052.65
66,795,3.81
66,835,1892.78
66,859,4.28
66,868,418.04
66,879,1.17
66,883,1.08
66,894,4.98
66,910,358.06
66,929,4.97
66,935,4.28
66,984,1610.42
66,999,4.6
67,53,3.18
67,79,252.59
67,83,2.83
67,95,346.56
67,111,239.59
67,117,2606.87
67,130,254.92
67,144,4.84
67,156,626.55
67,174,2.68
67,175,637.68
67,195,2.41
67,223,1176.35
67,228,255.4
67,238,3.06
67,240,106.35
67,244,1.37
67,272,549.87
67,297,543.39
67,331,0.86
67,351,2069.76
67,353,153.89
67,370,139.83
67,387,164.25
67,423,75.89
67,425,2806.28
67,460,1.8
67,472,539.86
67,478,662.03
67,494,0.73
67,523,3.91
67,604,2893.29
67,641,4.18
67,646,1452.96
67,650,259.72
67,664,0.93
67,667,28.94
67,681,555.7
67,683,474.06
67,729,521.09
67,767,439.97
67,771,2.52
67,786,355.11
67,791,1.14
67,796,572.76
67,830,632.25
67,847,364.16
67,861,562.55
67,882,1815.71
67,897,2.19
67,924,0.58
67,925,2.53
67,937,3.18
67,940,3.41
67,967,0.93
67,969,1677.88
67,971,267.38
67,988,453.59
67,998,2.31
68,4,4.39
68,18,1.45
68,56,2.37
68,61,1090.14
68,100,62.16
68,105,620.55
68,133,1.43
68,135,2.75
68,151,1.07
68,155,1.57
68,188,0.66
68,210,2.52
68,214,2.25
68,219,2.72
68,220,668.95
68,266,1.7
68,273,42.88
68,285,1.49
68,301,2.11
68,317,0.94
68,321,494.55
68,345,13.41
68,369,0.98
68,373,667.73
68,399,591.89
68,401,2.7
68,430,558.34
68,442,75.18
68,450,172.67
68,474,784.94
68,489,38.48
68,514,470.41
68,520,2.54
68,529,3.92
68,535,86.26
68,545,2388.76
68,546,4.55
68,551,685.1
68,582,2391.19
68,585,3.74
68,596,1656.78
68,611,165.12
68,622,4.1
68,625,1.01
68,635,0.94
68,636,186.73
68,682,27.57
68,687,275.27
68,737,3.44
68,752,3.5
68,758,3.64
68,821,1.35
68,838,3.74
68,851,254.79
68,853,2.44
68,869,596.78
68,880,2.83
68,891,3.7
68,907,1.63
68,909,2359.7
68,925,1043.26
68,943,1.64
68,948,4.86
68,952,4.46
68,960,1.96
68,991,133.13
69,4,582.82
69,19,2860.27
69,43,521.3
69,58,435.24
69,78,2328.37
69,81,1.23
69,90,2298.18
69,94,1817.93
69,96,1.28
69,105,593.48
69,122,278.76
69,138,3.69
69,140,247.45
69,181,3.0
69,202,3.8
69,203,4.33
69,207,4.94
69,220,2.62
69,247,3.53
69,261,0.52
69,291,3.35
69,318,2956.14
69,327,2.77
69,329,4.26
69,335,320.85
69,342,0.87
69,374,4.16
69,384,2.73
69,400,0.61
69,407,3.43
69,411,624.79
69,418,9.11
69,421,2.45
69,432,2.28
69,459,4.78
69,467,196.16
69,473,556.79
69,478,2.2
69,505,1.04
69,515,2198.87
69,520,180.71
69,533,2.01
69,534,4.02
69,554,2.86
69,562,1.01
69,565,86.75
69,566,1.98
69,596,2.95
69,645,2.43
69,651,4.75
69,675,1.07
69,721,389.45
69,723,2470.14
69,725,1.93
69,767,301.01
69,786,0.56
69,791,1.12
69,793,302.5
69,795,433.03
69,796,3.62
69,799,3.05
69,828,305.54
69,829,33.05
69,848,3.11
69,873,320.13
69,878,7.79
69,907,4.69
69,913,680.68
69,926,1179.36
69,945,4.03
69,947,512.75
69,954,1.3
69,975,4.99
69,976,296.72
69,982,4.43
70,5,633.39
70,8,0.96
70,76,2.61
70,77,528.16
70,96,972.15
70,114,392.42
70,175,314.96
70,205,3.89
70,216,3.05
70,240,164.15
70,264,2.26
70,312,1163.68
70,344,3.18
70,397,170.23
70,441,1.17
70,447,1.16
70,477,1989.51
70,478,2145.67
70,482,316.93
70,487,423.16
70,490,4.89
70,502,2.22
70,529,4.87
70,559,3.21
70,599,2746.25
70,616,2.72
70,623,2.51
70,665,4.35
70,678,289.79
70,687,449.0
70,699,3.39
70,701,2.34
70,708,0.7
70,710,4.88
70,743,359.32
70,758,647.63
70,795,1703.16
70,809,121.46
70,811,760.32
70,813,276.91
70,821,2.25
70,836,848.59
70,838,2.14
70,863,2.4
70,881,3.82
70,885,1855.97
70,911,1060.79
70,933,321.82
70,936,259.85
70,996,28.94
71,8,0.72
71,9,1.3
71,17,268.23
71,68,3.99
71,84,150.86
71,88,777.07
71,91,105.02
71,100,371.21
71,141,216.23
71,153,205.69
71,167,1.17
71,176,1.02
71,187,11.7
71,196,2.21
71,216,3.24
71,255,0.59
71,281,0.91
71,327,80.5
71,328,53.72
71,367,925.36
71,370,480.66
71,409,1.61
71,418,2.7
71,520,372.7
71,535,273.23
71,566,4.43
71,567,2.51
71,573,3.3
71,583,430.17
71,597,322.14
71,632,420.76
71,647,1784.72
71,648,2.7
71,672,2200.54
71,686,1209.81
71,698,2.96
71,735,4.41
71,750,428.25
71,751,959.55
71,770,4.82
71,771,3.35
71,774,0.9
71,788,418.65
71,807,4.44
71,841,1.91
71,850,194.95
71,866,1.06
71,873,1.39
71,885,631.42
71,907,4.17
71,913,238.6
71,925,3.94
71,943,1.01
71,957,4.74
71,977,318.04
71,981,130.14
71,983,3.1
71,992,2.47
71,996,2.41
72,14,4.42
72,25,1.32
72,44,3.82
72,46,3.62
72,71,398.01
72,94,1.48
72,97,3.37
72,101,4.3
72,102,1927.49
72,105,3.05
72,123,147.38
72,145,1.84
72,154,146.93
72,155,2910.03
72,175,3.05
72,205,378.46
72,240,3.73
72,254,3.15
72,263,607.79
72,269,340.64
72,270,4.43
72,302,1.67
72,306,1.49
72,328,4.51
72,330,2117.35
72,340,532.06
72,342,2496.25
72,348,570.35
72,359,4.76
72,411,26.13
72,412,80.14
72,441,1.36
72,452,4.71
72,470,2.65
72,489,3.95
72,493,2.17
72,494,310.47
72,509,363.95
72,537,4.11
72,559,4.47
72,574,445.79
72,577,4.28
72,595,265.15
72,597,1430.17
72,606,161.31
72,620,927.49
72,648,954.68
72,661,3.65
72,690,163.32
72,708,4.2
72,745,420.42
72,792,431.58
72,797,2391.75
72,815,2.33
72,816,135.45
72,831,75.83
72,842,1.82
72,843,67.31
72,854,615.75
72,876,252.98
72,908,3.28
72,933,1.61
72,937,360.82
72,938,286.81
72,959,1849.62
72,960,4.97
72,977,0.73
72,990,1.1
73,11,0.68
73,21,0.84
73,68,1.4
73,75,70.29
73,78,613.6
73,80,1.46
73,81,610.56
73,85,2616.18
73,87,228.93
73,111,3.24
73,115,1.69
73,139,1.51
73,166,4.77
73,197,1.69
73,198,1617.35
73,202,697.73
73,235,4.67
73,249,2.92
73,269,1888.2
73,270,4.68
73,271,1.79
73,291,2.21
73,294,4.47
73,333,2.36
73,335,95.64
73,345,2416.12
73,350,3.28
73,365,124.55
73,371,97.42
73,381,1.42
73,390,4.34
73,398,307.69
73,402,4.55
73,432,1.03
73,469,4.72
73,472,114.09
73,480,0.94
73,481,5.16
73,491,3.77
73,497,494.09
73,522,914.15
73,552,1425.76
73,588,142.66
73,639,1.24
73,645,1217.32
73,649,1.65
73,657,149.91
73,668,3.96
73,670,585.15
73,671,76.88
73,694,551.7
73,758,1325.24
73,759,3.02
73,793,2.46
73,803,273.32
73,816,373.3
73,817,3.31
73,818,4.77
73,836,1.3
73,872,356.85
73,876,4.35
73,879,563.15
73,885,662.22
73,897,2.41
73,917,1.89
73,918,14.34
73,920,3.72
73,921,549.11
73,929,307.15
73,935,377.41
73,950,96.85
73,965,2.78
73,990,356.8
73,991,226.87
74,13,474.47
74,22,2.04
74,33,556.11
74,47,529.23
74,98,3.89
74,109,4.38
74,131,4.77
74,145,916.31
74,151,439.48
74,158,1617.61
74,160,2804.01
74,163,528.37
74,180,2.32
74,188,0.58
74,263,355.03
74,272,446.93
74,283,306.09
74,310,0.87
74,321,60.69
74,341,432.02
74,353,3.59
74,356,4.32
74,395,1502.33
74,400,2.8
74,440,3.19
74,458,145.42
74,464,1980.66
74,503,1784.99
74,521,497.62
74,552,3.36
74,565,729.54
74,588,2.76
74,624,4.93
74,639,618.1
74,659,51.06
74,660,295.79
74,690,44.51
74,722,1240.28
74,724,69.18
74,725,4.63
74,727,4.45
74,749,467.66
74,764,792.18
74,766,4.4
74,770,385.62
74,791,0.88
74,827,227.43
74,828,2.15
74,861,1054.47
74,947,1.43
74,953,524.95
74,974,2662.91
74,977,570.8
74,985,3.46
74,991,2.38
75,5,0.76
75,39,2.91
75,70,456.31
75,94,1537.43
75,130,0.55
75,144,128.37
75,161,3.99
75,173,4.45
75,185,1.14
75,193,0.67
75,294,1132.52
75,314,504.34
75,315,2.6
75,333,4.55
75,349,2290.78
75,372,387.1
75,375,626.02
75,381,25.46
75,388,3.14
75,400,256.45
75,409,4.37
75,431,401.36
75,437,4.5
75,460,4.44
75,475,241.33
75,485,589.33
75,496,1976.0
75,502,2.72
75,504,1.78
75,509,538.18
75,519,2.94
75,523,1956.42
75,526,491.66
75,543,103.67
75,545,264.66
75,548,1.77
75,551,3.66
75,611,2307.6
75,662,2008.61
75,701,247.15
75,709,41.48
75,728,3.3
75,738,2702.37
75,740,4.44
75,760,175.06
75,769,2.37
75,801,176.23
75,834,4.31
75,849,1.45
75,870,651.29
75,874,479.73
75,900,3.41
75,928,4.11
75,959,3.34
75,973,2649.24
75,984,181.89
75,986,323.54
76,1,1.0
76,12,1495.17
76,34,3.42
76,38,2.68
76,79,4.34
76,106,2.89
76,122,280.33
76,138,1910.47
76,139,161.41
76,163,423.02
76,195,245.13
76,206,659.45
76,235,410.66
76,239,151.22
76,243,3.84
76,282,2689.62
76,297,4.42
76,330,1.68
76,337,114.21
76,343,500.01
76,349,416.54
76,357,3.58
76,362,1.92
76,365,2006.65
76,388,2008.06
76,400,386.09
76,401,218.48
76,415,1.96
76,417,5.0
76,419,3.75
76,423,2.3
76,445,266.76
76,463,185.41
76,478,4.81
76,521,465.93
76,529,1.21
76,551,0.63
76,562,4.45
76,582,0.57
76,604,1.95
76,651,1.77
76,665,382.75
76,705,2600.25
76,762,433.45
76,763,1569.88
76,778,3.32
76,780,386.33
76,782,2.53
76,793,535.72
76,796,4.32
76,811,2455.39
76,820,79.35
76,854,2295.21
76,860,1438.89
76,903,37.95
76,956,4.38
76,965,715.02
76,977,0.91
76,984,699.49
76,987,2.67
76,999,3.32
77,37,365.22
77,44,204.83
77,46,3.43
77,47,1.56
77,52,105.33
77,55,2.96
77,106,72.68
77,114,1.54
77,161,2.56
77,166,0.52
77,207,454.05
77,251,1.53
77,263,2.72
77,297,488.68
77,314,3.33
77,329,370.99
77,355,2944.3
77,359,1.83
77,386,2075.57
77,443,343.08
77,455,891.42
77,464,94.33
77,506,656.35
77,518,1111.13
77,578,4.78
77,585,71.26
77,620,4.23
77,649,3.84
77,656,4.16
77,671,78.39
77,672,71.71
77,682,4.38
77,684,1454.96
77,713,3.86
77,780,141.38
77,795,288.33
77,806,2.37
77,814,2.13
77,856,60.36
77,880,4.12
77,881,3.02
77,893,642.96
77,940,24.56
77,963,2735.87
77,973,2691.25
77,978,208.22
77,982,3.08
77,987,0.79
77,993,3.74
77,996,2.86
78,25,1684.03
78,63,66.29
78,108,2.76
78,111,488.45
78,114,4.6
78,118,221.28
78,131,1.11
78,137,0.98
78,154,320.82
78,178,523.75
78,195,139.79
78,220,536.66
78,241,391.84
78,261,206.63
78,269,593.69
78,288,3.76
78,297,3.99
78,302,2.36
78,320,357.45
78,332,2.12
78,372,0.69
78,375,3.23
78,380,4.5
78,402,3.2
78,416,3.3
78,420,1105.09
78,426,2.95
78,427,6.26
78,428,3.37
78,437,169.27
78,464,86.28
78,472,2759.55
78,507,2447.04
78,519,4.95
78,550,149.92
78,555,1946.02
78,565,4.54
78,567,274.08
78,587,0.95
78,595,2.12
78,600,1.68
78,602,0.7
78,605,476.38
78,613,2.6
78,635,1493.42
78,640,415.07
78,663,37.77
78,674,1851.49
78,691,339.69
78,707,203.45
78,727,1.93
78,750,1.08
78,783,396.48
78,837,1.76
78,857,485.94
78,858,146.25
78,868,2.07
78,878,127.28
78,879,3.66
78,880,4.31
78,939,697.91
78,949,4.22
78,956,502.74
78,994,0.99
79,0,723.68
79,40,2520.16
79,47,616.36
79,53,398.91
79,65,2.63
79,71,0.99
79,90,358.47
79,92,0.93
79,117,1.84
79,140,468.11
79,145,251.36
79,159,198.85
79,161,0.83
79,174,303.24
79,177,975.8
79,249,196.9
79,289,1964.28
79,304,3.49
79,344,456.68
79,361,629.75
79,365,1.75
79,379,191.87
79,424,533.42
79,450,0.52
79,475,0.5
79,480,4.38
79,482,1.83
79,504,4.39
79,511,570.55
79,558,4.72
79,585,392.89
79,588,2.02
79,600,340.05
79,602,2.1
79,622,1.97
79,634,439.74
79,650,602.93
79,671,4.38
79,681,1.12
79,704,68.3
79,707,200.9
79,712,94.67
79,732,489.26
79,743,0.78
79,745,3.56
79,748,128.68
79,762,93.28
79,779,46.94
79,838,1.88
79,842,1284.82
79,851,3.08
79,873,4.09
79,879,1.11
79,894,1601.32
79,907,3.98
79,908,1.38
79,911,2.1
79,915,408.17
79,918,1.69
79,964,3.31
79,988,3.75
80,4,3.15
80,18,1.9
80,28,4.94
80,30,88.48
80,57,4.04
80,66,176.23
80,75,4.9
80,109,4.11
80,117,1928.28
80,128,3.22
80,144,1.74
80,152,223.84
80,174,383.83
80,177,4.33
80,180,4.52
80,186,0.93
80,213,23.16
80,235,1.86
80,250,1383.65
80,255,4.4
80,277,0.95
80,278,4.72
80,287,1.96
80,288,412.97
80,316,600.51
80,344,1449.71
80,374,28.98
80,410,2885.34
80,411,661.61
80,442,2.95
80,463,1.54
80,498,2.57
80,502,1.02
80,510,65.14
80,534,563.07
80,537,4.34
80,538,300.27
80,598,2.41
80,642,2.86
80,648,1.35
80,669,3.41
80,701,4.0
80,747,609.11
80,758,639.61
80,788,685.94
80,805,448.99
80,829,2315.55
80,837,2.4
80,860,4.03
80,867,4.26
80,874,4.92
80,899,3.68
80,932,1649.11
80,986,48.86
80,990,4.83
81,20,476.37
81,22,1.51
81,33,29.29
81,60,4.42
81,98,2.98
81,99,2.16
81,134,2.47
81,152,429.12
81,166,2.28
81,168,1324.8
81,174,4.91
81,177,2.54
81,182,4.13
81,191,524.14
81,217,1512.48
81,220,377.61
81,257,1.01
81,259,1218.87
81,319,3.32
81,336,143.42
81,342,1.23
81,350,559.82
81,357,4.81
81,365,574.4
81,368,1.87
81,415,614.92
81,429,3.34
81,452,2.34
81,463,549.28
81,465,133.11
81,472,891.23
81,495,1524.36
81,514,282.11
81,561,2.67
81,604,3.96
81,608,1905.69
81,614,3.87
81,638,3.74
81,643,3.19
81,653,2.7
81,668,4.91
81,727,1.83
81,758,2143.28
81,759,2.3
81,809,185.67
81,825,1.65
81,828,1.05
81,831,369.1
81,839,307.27
81,853,2.0
81,865,229.81
81,868,213.74
81,938,599.13
81,974,1747.78
81,978,611.88
81,982,2.77
82,0,1.7
82,38,2.14
82,53,4.91
82,67,1.77
82,68,604.49
82,71,3.48
82,90,2.99
82,119,2.83
82,131,208.31
82,134,250.29
82,136,4.62
82,140,3.83
82,251,3.44
82,276,2.59
82,293,1.9
82,297,2.29
82,325,2.72
82,359,2187.2
82,373,2164.19
82,416,2451.44
82,468,1.21
82,473,4.0
82,477,459.4
82,509,2.77
82,529,3.06
82,543,264.4
82,545,2410.36
82,559,2.71
82,608,4.67
82,629,2.06
82,637,500.58
82,644,335.91
82,650,1.19
82,657,4.03
82,661,2519.3
82,674,0.89
82,700,94.44
82,703,2.17
82,712,2.77
82,734,1.5
82,766,346.47
82,767,354.4
82,770,292.42
82,780,41.99
82,798,3.09
82,812,1.49
82,828,1.47
82,838,1.69
82,846,144.22
82,873,1846.54
82,880,539.99
82,917,1.57
82,923,3.35
82,933,340.22
82,957,409.86
82,974,1.01
83,14,943.57
83,16,637.84
83,30,231.75
83,48,3.16
83,75,3.84
83,79,4.79
83,81,630.07
83,84,658.42
83,96,1.99
83,117,497.69
83,120,417.38
83,139,3.89
83,158,4.77
83,187,674.85
83,191,4.71
83,235,1.85
83,288,2385.81
83,290,370.89
83,332,1776.35
83,356,1.1
83,387,390.47
83,388,455.74
83,389,4.02
83,409,661.87
83,411,521.58
83,420,261.98
83,425,3.76
83,454,1.42
83,468,3.26
83,496,550.67
83,518,169.76
83,546,579.18
83,571,1502.34
83,592,1.64
83,607,4.55
83,608,3.11
83,639,4.42
83,648,229.1
83,652,365.8
83,682,121.31
83,711,2.99
83,724,2.79
83,727,515.95
83,739,1.12
83,743,1.69
83,754,4.78
83,783,2.39
83,822,3.81
83,830,0.87
83,854,2.7
83,864,2.78
83,907,1726.17
83,920,489.01
83,923,59.83
83,926,82.25
83,937,1.99
83,949,1833.8
83,955,3.58
83,970,3.83
83,971,303.39
83,973,543.02
83,999,2865.07
84,36,2.01
84,77,4.04
84,99,407.25
84,104,599.98
84,112,1.34
84,134,100.47
84,147,254.72
84,178,435.46
84,206,3.98
84,209,2260.26
84,229,646.7
84,234,2.83
84,240,0.89
84,258,1.29
84,278,447.61
84,298,1.76
84,311,3.59
84,312,325.26
84,315,0.51
84,323,209.52
84,349,122.45
84,364,3.87
84,389,53.53
84,392,1.09
84,399,4.6
84,419,2643.07
84,426,1047.67
84,494,497.44
84,507,4.41
84,520,134.67
84,564,3.99
84,570,95.23
84,588,36.43
84,603,500.24
84,606,1.81
84,612,4.06
84,616,330.92
84,636,2.14
84,644,498.07
84,645,2.52
84,650,2105.35
84,652,373.44
84,653,648.12
84,666,3.43
84,683,365.6
84,702,4.53
84,721,3.34
84,732,1789.78
84,737,3.58
84,740,321.86
84,763,2.71
84,766,438.11
84,799,91.72
84,815,1.42
84,820,1.28
84,833,273.46
84,835,319.29
84,839,552.42
84,893,1345.49
84,897,69.42
84,961,342.82
84,979,1.81
84,992,417.11
84,997,331.72
84,999,0.52
85,11,1.95
85,16,479.72
85,20,0.94
85,21,393.67
85,35,530.49
85,59,710.05
85,66,3.47
85,69,1.09
85,84,3.14
85,93,2380.66
85,97,3.75
85,154,3.89
85,164,0.81
85,165,679.77
85,196,3.19
85,211,3.97
85,215,1.81
85,246,15.53
85,258,556.74
85,259,1.87
85,268,0.91
85,274,589.98
85,293,2.74
85,310,2.18
85,331,334.78
85,334,3.02
85,347,2587.36
85,376,1848.73
85,425,1.41
85,446,162.56
85,464,465.86
85,474,2.47
85,521,4.65
85,527,78.72
85,555,610.41
85,559,445.19
85,576,2.84
85,646,1.25
85,662,518.88
85,672,501.68
85,679,1798.98
85,735,3.32
85,765,1333.33
85,816,1175.35
85,850,3.05
85,859,0.93
85,882,52.36
85,914,564.11
85,925,1.42
85,935,3.43
85,938,550.99
85,940,44.4
85,954,4.19
85,985,2854.06
86,1,199.93
86,14,337.99
86,24,2.75
86,30,2.65
86,33,80.91
86,81,2.14
86,84,4.35
86,87,403.56
86,112,32.02
86,132,4.82
86,137,1.88
86,163,698.86
86,169,1.43
86,172,181.08
86,214,2645.79
86,231,4.73
86,249,1.25
86,259,3.33
86,271,1.93
86,284,2996.34
86,303,465.84
86,304,1.04
86,325,1.24
86,328,1.07
86,336,4.23
86,348,1891.92
86,349,3.76
86,370,93.02
86,390,2.29
86,396,1.79
86,420,1134.68
86,461,2.09
86,474,436.77
86,484,3.73
86,488,2.1
86,492,648.87
86,508,1257.22
86,518,1.39
86,533,2.5
86,537,3.36
86,574,472.79
86,619,1.49
86,633,153.77
86,655,1.77
86,658,1.28
86,676,100.0
86,680,40.16
86,685,102.78
86,686,1.14
86,699,3.67
86,701,1.01
86,710,438.3
86,714,1.46
86,718,438.57
86,754,699.98
86,774,3.74
86,791,1.71
86,804,2.11
86,808,1.04
86,819,130.81
86,853,162.93
86,863,2.11
86,925,0.93
86,930,1.94
86,933,0.55
86,995,496.19
87,3,86.76
87,9,4.73
87,13,0.72
87,28,543.44
87,36,1.94
87,57,220.09
87,80,4.25
87,102,1.58
87,114,417.71
87,141,360.8
87,160,77.94
87,168,439.16
87,183,11.41
87,210,2.4
87,226,213.56
87,234,0.82
87,249,2656.15
87,251,514.25
87,265,3.43
87,272,679.35
87,300,1.85
87,301,1747.24
87,306,1360.86
87,323,2.48
87,334,165.24
87,346,1555.36
87,351,135.05
87,375,8.34
87,387,4.85
87,388,227.04
87,393,0.91
87,394,3.91
87,410,4.43
87,416,1.75
87,418,66.44
87,426,2.3
87,452,333.43
87,456,314.24
87,468,4.02
87,479,445.4
87,491,222.94
87,524,2876.41
87,582,2.14
87,609,3.08
87,631,194.88
87,648,694.56
87,650,264.78
87,675,103.47
87,724,234.69
87,736,4.8
87,769,4.49
87,789,126.32
87,810,1.85
87,830,1.04
87,846,458.35
87,873,4.97
87,888,8.54
87,894,2.44
87,906,1.1
87,914,488.62
87,928,1411.5
87,948,118.99
87,952,4.76
87,971,1.43
87,998,3.47
88,36,28.3
88,37,1901.07
88,47,3.62
88,51,1941.47
88,108,438.84
88,109,4.57
88,115,326.29
88,135,548.49
88,140,567.48
88,154,308.57
88,166,2.63
88,174,330.54
88,177,791.76
88,180,3.45
88,181,222.03
88,185,472.23
88,197,2.03
88,199,2768.16
88,215,2533.71
88,220,4.31
88,234,323.67
88,238,366.85
88,249,1.27
88,277,2.68
88,279,3.34
88,280,0.8
88,287,237.65
88,310,102.25
88,324,2.77
88,334,1.29
88,336,0.68
88,374,4.68
88,403,551.96
88,407,2.41
88,413,427.45
88,472,0.56
88,477,2.79
88,484,2.44
88,508,0.9
88,510,3.99
88,529,3.26
88,532,1.02
88,575,1103.27
88,585,130.03
88,627,2.01
88,645,2.03
88,665,1.05
88,671,169.56
88,697,1890.39
88,714,1466.81
88,736,169.42
88,782,2.12
88,796,1.81
88,816,1.31
88,872,0.62
88,918,29.73
88,925,476.66
88,931,0.84
88,960,621.77
88,968,414.01
88,970,1572.64
88,988,0.99
88,990,1.47
89,5,480.51
89,33,577.32
89,48,4.87
89,61,4.9
89,66,3.86
89,91,3.66
89,92,589.75
89,130,2.37
89,134,2071.97
89,143,803.79
89,174,0.79
89,187,251.45
89,232,79.08
89,258,299.94
89,263,301.3
89,266,1.6
89,271,463.72
89,288,1788.13
89,315,303.89
89,320,205.48
89,365,638.09
89,394,160.55
89,434,350.73
89,437,1641.85
89,459,1485.15
89,474,582.22
89,486,0.74
89,488,2.85
89,492,0.77
89,530,1164.99
89,535,3.55
89,610,2.07
89,615,240.15
89,623,313.41
89,636,4.43
89,642,4.07
89,643,2.99
89,645,175.97
89,658,0.66
89,663,547.85
89,675,452.61
89,678,268.53
89,700,3.49
89,704,338.03
89,781,126.14
89,783,3.41
89,789,29.3
89,791,4.7
89,816,3.06
89,818,932.08
89,837,505.2
89,845,3.28
89,858,204.96
89,864,99.51
89,869,2.96
89,885,2.36
89,890,3.03
89,911,0.97
89,946,3.82
89,981,1.5
89,987,4.35
89,992,4.18
90,3,1.66
90,16,227.93
90,25,2.97
90,33,1.15
90,56,4.91
90,69,986.19
90,92,3.14
90,106,1.15
90,128,534.31
90,131,4.04
90,149,486.08
90,162,2906.73
90,193,505.25
90,200,1.67
90,201,3.61
90,216,4.52
90,244,3.37
90,252,2.12
90,254,1576.67
90,265,25.61
90,319,2992.33
90,342,3.52
90,346,2375.27
90,348,2031.98
90,350,3.9
90,355,2895.08
90,366,3.56
90,373,4.41
90,378,628.87
90,382,206.79
90,400,0.97
90,416,1399.12
90,427,1.8
90,428,477.26
90,434,3.84
90,475,3.67
90,485,3.73
90,509,3.75
90,511,2219.37
90,543,1.43
90,598,295.93
90,624,417.24
90,639,1.27
90,641,4.45
90,649,569.52
90,660,569.89
90,665,3.61
90,715,0.73
90,755,1831.45
90,758,2780.48
90,776,1.57
90,822,3.83
90,823,4.84
90,827,2.0
90,835,4.01
90,858,0.65
90,872,2070.91
90,914,303.5
90,934,3.26
90,940,3.07
90,942,160.46
90,970,1.93
90,971,2.68
90,979,289.62
91,8,391.43
91,62,3.54
91,79,2038.75
91,106,4.71
91,117,0.96
91,119,2.84
91,127,4.8
91,133,3.61
91,138,1.8
91,139,562.87
91,154,3.26
91,161,2324.21
91,171,0.64
91,172,528.49
91,173,3.6
91,185,4.9
91,201,578.34
91,216,771.7
91,217,472.59
91,236,3.1
91,252,3.75
91,266,243.18
91,267,3.22
91,269,0.53
91,271,2.42
91,272,238.95
91,281,614.12
91,291,214.5
91,313,1.65
91,332,1.43
91,346,319.78
91,350,1.44
91,357,292.87
91,380,4.82
91,382,594.53
91,406,164.11
91,427,0.59
91,442,2.13
91,445,694.29
91,458,505.8
91,470,553.42
91,505,2143.38
91,520,554.6
91,544,627.6
91,652,1044.94
91,659,144.78
91,665,4.09
91,693,205.96
91,736,2559.68
91,760,1.06
91,782,860.09
91,796,1.1
91,799,4.77
91,810,2046.37
91,821,446.27
91,825,3.56
91,863,4.58
91,874,31.67
91,884,3.79
91,895,170.99
91,904,4.03
91,926,3.66
91,927,4.99
91,928,3.79
91,981,428.83
91,982,1.37
92,3,79.33
92,7,1.38
92,10,374.63
92,11,4.08
92,22,0.61
92,27,1.77
92,29,195.86
92,70,1.19
92,136,4.41
92,176,0.9
92,198,577.04
92,209,1758.62
92,219,353.53
92,225,495.81
92,235,3.3
92,244,4.86
92,307,3.62
92,315,943.12
92,319,1.98
92,322,3.85
92,328,1.28
92,336,659.08
92,372,1089.31
92,438,3.28
92,440,598.46
92,444,73.36
92,451,442.68
92,454,4.26
92,472,4.45
92,518,430.8
92,552,311.59
92,583,159.51
92,601,4.56
92,605,1233.96
92,608,993.96
92,632,4.33
92,644,3.53
92,646,2.22
92,654,1.58
92,673,372.31
92,697,310.35
92,714,3.31
92,733,4.94
92,741,2701.83
92,750,3.25
92,766,4.52
92,797,4.98
92,811,2.14
92,818,1.38
92,826,2.46
92,844,649.23
92,847,542.87
92,884,366.79
92,886,1056.23
92,915,4.14
92,929,1.75
92,936,10.36
92,961,599.55
92,995,0.88
93,15,1537.4
93,39,699.59
93,41,3.73
93,60,2830.52
93,76,179.68
93,82,331.58
93,98,2.17
93,112,880.55
93,132,1.66
93,175,2173.66
93,177,4.26
93,189,189.13
93,190,345.96
93,214,2520.11
93,223,4.77
93,230,690.04
93,239,613.86
93,254,4.75
93,256,4.73
93,258,2.77
93,279,2.84
93,283,290.48
93,294,589.07
93,306,1.05
93,311,4.63
93,330,334.77
93,337,3.87
93,343,415.54
93,346,457.83
93,353,4.86
93,370,97.65
93,392,4.97
93,398,269.86
93,441,1.67
93,446,4.8
93,453,276.13
93,455,2.09
93,466,124.61
93,504,1.21
93,507,172.72
93,541,1.7
93,565,1357.27
93,581,3.05
93,618,612.71
93,623,656.22
93,641,4.75
93,667,4.7
93,672,1110.74
93,678,2.51
93,688,496.6
93,763,510.02
93,793,2.49
93,802,564.69
93,836,414.25
93,869,3.64
93,875,127.4
93,889,4.77
93,925,4.53
93,928,433.36
93,935,447.01
93,939,256.9
93,963,3.69
93,975,2804.56
93,978,1.08
93,994,4.84
94,24,24.64
94,47,2.27
94,56,245.44
94,60,0.71
94,96,593.24
94,105,3.93
94,114,2452.8
94,118,2.1
94,120,0.92
94,122,675.37
94,124,2408.87
94,148,1.25
94,162,37.71
94,198,603.5
94,216,679.65
94,221,3.7
94,252,2214.1
94,253,374.98
94,263,1.22
94,285,3.98
94,298,39.52
94,372,4.44
94,382,602.14
94,383,1961.87
94,427,910.16
94,449,1.53
94,480,3.72
94,487,4.49
94,495,2.32
94,506,1435.55
94,531,0.96
94,532,0.72
94,561,2764.64
94,567,177.19
94,586,26.73
94,593,1.62
94,599,117.42
94,647,2.1
94,651,2.64
94,665,4.64
94,669,362.36
94,685,4.43
94,705,1658.64
94,723,4.51
94,738,4.18
94,744,479.4
94,764,0.98
94,767,3.44
94,780,131.16
94,786,0.94
94,802,479.32
94,803,1.94
94,805,3.77
94,807,0.95
94,844,4.66
94,849,1668.07
94,854,361.39
94,868,2.96
94,872,169.78
94,882,4.79
94,894,1.93
94,905,620.09
94,923,191.0
94,953,308.85
94,961,4.03
94,982,4.14
95,7,87.21
95,27,260.86
95,39,170.96
95,43,3.37
95,44,2.18
95,45,188.45
95,65,540.78
95,66,47.72
95,73,435.03
95,87,2748.25
95,89,0.65
95,93,46.97
95,132,4.87
95,165,2457.99
95,172,2.43
95,196,2.57
95,200,27.86
95,216,2.42
95,218,625.73
95,241,76.29
95,247,3.31
95,258,530.21
95,281,547.31
95,320,0.61
95,351,684.77
95,355,49.99
95,356,0.64
95,384,3.52
95,395,525.7
95,428,1.72
95,437,679.8
95,445,0.7
95,456,351.54
95,463,2.99
95,516,2.94
95,543,288.87
95,595,2.15
95,622,694.58
95,638,2.89
95,652,1.56
95,687,2.52
95,716,1.17
95,721,3.75
95,722,1971.86
95,729,3.79
95,740,4.19
95,743,3.99
95,781,486.77
95,790,3.22
95,849,69.61
95,851,471.3
95,892,411.72
95,907,585.64
95,915,1807.26
95,929,2234.55
95,955,3.59
95,962,2.01
96,72,46.54
96,74,268.22
96,79,0.81
96,84,2.87
96,118,447.35
96,134,28.83
96,137,3.81
96,160,2.2
96,173,4.33
96,185,3.87
96,190,592.93
96,257,3.27
96,271,447.63
96,301,0.7
96,309,4.14
96,314,693.62
96,324,1.5
96,352,1.17
96,353,521.97
96,368,4.88
96,391,2579.11
96,397,343.57
96,402,386.88
96,410,1939.36
96,441,604.67
96,451,2.98
96,503,1.86
96,508,1.74
96,523,1407.08
96,543,169.2
96,551,4.77
96,561,2.74
96,563,625.15
96,564,1.6
96,590,3.81
96,615,312.18
96,626,368.76
96,632,1.81
96,665,1611.77
96,673,655.79
96,678,240.03
96,699,442.51
96,700,3.64
96,701,4.42
96,708,4.26
96,736,4.05
96,752,682.75
96,795,3.58
96,811,2.26
96,813,1.75
96,828,1.06
96,852,450.85
96,859,3.4
96,873,2923.56
96,919,309.02
96,933,503.56
96,946,640.41
96,980,338.52
96,997,436.11
96,999,2648.32
97,26,1.7
97,37,697.27
97,40,110.13
97,44,599.75
97,48,807.76
97,65,4.52
97,77,228.68
97,122,328.93
97,137,2.47
97,144,3.93
97,176,459.63
97,177,272.3
97,185,1.37
97,190,0.58
97,205,84.36
97,218,2.02
97,235,2.04
97,244,939.47
97,270,1.84
97,283,16.71
97,285,508.59
97,295,3.2
97,322,20.45
97,323,2.71
97,334,399.65
97,349,1.12
97,393,3.95
97,436,4.78
97,492,636.01
97,521,112.13
97,529,2.36
97,542,1.59
97,552,1200.83
97,567,191.56
97,580,96.06
97,592,2.79
97,617,2953.25
97,630,2189.16
97,644,2.68
97,657,88.07
97,659,496.04
97,675,419.18
97,692,2000.59
97,704,534.69
97,707,2.24
97,716,2695.68
97,747,1.79
97,749,2.08
97,791,3.22
97,810,4.65
97,819,298.8
97,822,2984.39
97,830,1398.37
97,842,3.43
97,843,3.48
97,885,4.62
97,921,299.93
97,935,1.24
97,942,1.66
97,966,584.88
97,977,610.25
97,986,812.33
98,17,802.53
98,56,220.54
98,65,1.54
98,186,451.75
98,204,4.53
98,213,1029.75
98,219,3.38
98,232,0.66
98,251,606.21
98,252,1.52
98,265,4.12
98,291,3.04
98,293,491.97
98,296,3.73
98,315,1.63
98,320,659.87
98,325,1.32
98,337,4.35
98,357,651.83
98,374,3.13
98,387,3.15
98,424,123.2
98,434,2.94
98,489,355.75
98,519,429.76
98,543,1.34
98,568,4.09
98,613,1.03
98,621,2.28
98,628,4.12
98,631,154.56
98,633,4.54
98,685,2.8
98,727,475.85
98,729,1591.4
98,759,1.99
98,763,1.08
98,787,3.95
98,795,1.49
98,825,3.59
98,861,4.87
98,862,243.02
98,878,476.1
98,882,1.67
98,928,141.15
98,937,158.02
98,939,3.89
98,946,1.86
98,957,2496.42
98,967,481.29
99,0,1.14
99,13,432.93
99,32,0.99
99,41,487.88
99,49,631.48
99,103,2176.61
99,125,2.97
99,133,4.83
99,139,144.97
99,173,0.6
99,177,3.62
99,180,2.09
99,195,103.12
99,215,528.17
99,216,3.44
99,217,38.16
99,239,220.38
99,253,3.71
99,255,1005.3
99,257,2727.67
99,284,1.48
99,290,0.55
99,358,1.07
99,364,0.85
99,375,4.39
99,399,296.85
99,439,310.37
99,448,666.99
99,467,5.0
99,488,549.92
99,492,1.63
99,498,2.93
99,532,691.87
99,544,448.73
99,547,681.62
99,550,2222.44
99,562,4.45
99,563,1.47
99,565,235.86
99,574,152.93
99,592,470.41
99,602,312.9
99,615,2819.35
99,640,398.93
99,674,667.54
99,705,2.08
99,715,287.42
99,723,1.85
99,766,1.45
99,804,121.23
99,824,418.2
99,911,2.17
99,917,1324.78
99,936,2.95
99,940,4.23
99,949,516.59
99,967,3.56
99,968,2.15
99,980,3.17
